1.000e+00,9.997e-01,9.980e-01,9.977e-01,1.000e+00,9.997e-01,9.987e-01,9.849e-01,9.984e-01,9.993e-01,9.984e-01,9.967e-01,1.000e+00,1.000e+00,9.993e-01,9.980e-01,9.997e-01,1.000e+00,9.984e-01,9.993e-01,1.000e+00,9.993e-01,9.987e-01,9.980e-01,1.000e+00,9.987e-01,9.957e-01,9.957e-01,1.000e+00,9.997e-01,9.990e-01,9.967e-01,9.993e-01,9.980e-01,9.984e-01,9.905e-01,9.984e-01,9.990e-01,9.967e-01,9.977e-01,9.997e-01,1.000e+00,9.948e-01,9.951e-01,9.997e-01,9.993e-01,9.980e-01,9.961e-01,9.977e-01,9.997e-01,9.957e-01,9.735e-01,0.000e+00,4.915e-03,0.000e+00,9.502e-03,0.000e+00,0.000e+00,4.915e-03,0.000e+00,0.000e+00,1.442e-02,0.000e+00,1.868e-02,0.000e+00,0.000e+00,0.000e+00,6.553e-04,2.523e-02,3.145e-02,0.000e+00,0.000e+00,2.752e-02,0.000e+00,0.000e+00,6.553e-04,8.191e-03,4.128e-02,5.570e-03,0.000e+00,0.000e+00,3.277e-04,0.000e+00,3.604e-03,2.294e-03,1.311e-02,0.000e+00,0.000e+00,0.000e+00,0.000e+00,0.000e+00,0.000e+00,0.000e+00,3.277e-03,2.949e-02,4.915e-03,0.000e+00,1.311e-03,0.000e+00,1.638e-03,0.000e+00,7.208e-03,0.000e+00,2.294e-03,9.174e-03,0.000e+00,0.000e+00,0.000e+00,7.864e-03,2.621e-03,1.638e-03,0.000e+00,0.000e+00,1.114e-02,2.949e-03,2.294e-03,4.915e-03,1.606e-02,1.530e-01,0.000e+00,9.820e-01,9.178e-01,9.341e-01,8.336e-01,8.765e-01,9.545e-01,9.889e-01,9.210e-01,9.889e-01,9.168e-01,9.318e-01,8.856e-01,7.588e-01,8.270e-01,9.636e-01,8.748e-01,7.398e-01,9.341e-01,9.515e-01,9.738e-01,9.279e-01,8.748e-01,8.752e-01,9.597e-01,9.204e-01,7.962e-01,9.902e-01,9.433e-01,7.074e-01,9.115e-01,8.352e-01,9.518e-01,8.349e-01,8.096e-01,7.788e-01,9.653e-01,9.915e-01,8.899e-01,8.139e-01,9.033e-01,9.971e-01,9.931e-01,9.971e-01,9.948e-01,9.993e-01,9.984e-01,9.882e-01,9.712e-01,9.971e-01,9.934e-01,9.938e-01,9.866e-01,1.638e-03,0.000e+00,0.000e+00,0.000e+00,0.000e+00,0.000e+00,0.000e+00,0.000e+00,6.553e-04,1.016e-02,1.343e-02,9.830e-03,0.000e+00,5.898e-02,0.000e+00,0.000e+00,2.916e-02,3.277e-04,9.961e-02,0.000e+00,9.502e-03,1.638e-03,6.520e-02,1.147e-02,0.000e+00,0.000e+00,9.830e-04,1.081e-02,1.966e-03,6.225e-03,3.277e-04,0.000e+00,0.000e+00,1.638e-03,5.570e-03,0.000e+00,0.000e+00,0.000e+00,1.071e-01,0.000e+00,6.553e-03,2.621e-03,2.621e-03,4.063e-02,0.000e+00,5.341e-02,3.277e-04,1.248e-01,2.621e-03,9.797e-02,0.000e+00,0.000e+00,1.048e-02,0.000e+00,3.277e-04,4.128e-02,0.000e+00,2.621e-03,2.621e-03,7.995e-02,2.949e-02,0.000e+00,2.523e-02,0.000e+00,1.488e-01,0.000e+00,0.000e+00,0.000e+00
1.000e+00,9.990e-01,9.993e-01,9.980e-01,1.000e+00,9.997e-01,9.990e-01,9.821e-01,1.000e+00,9.997e-01,9.993e-01,9.941e-01,9.993e-01,9.984e-01,9.980e-01,9.958e-01,9.993e-01,9.984e-01,9.984e-01,9.912e-01,1.000e+00,1.000e+00,9.993e-01,9.997e-01,1.000e+00,9.987e-01,9.971e-01,9.987e-01,1.000e+00,9.977e-01,9.967e-01,9.964e-01,9.993e-01,9.997e-01,1.000e+00,9.967e-01,1.000e+00,9.997e-01,9.951e-01,9.971e-01,9.990e-01,9.997e-01,9.974e-01,9.831e-01,9.997e-01,9.984e-01,9.938e-01,9.889e-01,9.997e-01,9.964e-01,9.974e-01,9.984e-01,3.133e-01,0.000e+00,1.627e-03,3.253e-04,1.627e-03,1.301e-03,2.928e-03,0.000e+00,9.857e-02,0.000e+00,3.253e-04,0.000e+00,0.000e+00,0.000e+00,0.000e+00,3.253e-04,5.693e-02,1.594e-02,0.000e+00,0.000e+00,5.205e-03,0.000e+00,0.000e+00,0.000e+00,1.074e-02,1.480e-01,0.000e+00,0.000e+00,0.000e+00,4.554e-02,2.277e-03,3.253e-04,0.000e+00,0.000e+00,0.000e+00,3.253e-03,0.000e+00,6.506e-03,6.506e-03,6.506e-04,0.000e+00,1.952e-03,0.000e+00,9.759e-04,2.602e-03,3.286e-01,0.000e+00,4.554e-03,2.602e-03,3.546e-02,2.212e-02,7.027e-02,8.718e-02,1.952e-03,0.000e+00,0.000e+00,0.000e+00,0.000e+00,8.523e-02,7.157e-03,0.000e+00,2.212e-02,2.440e-02,3.253e-04,0.000e+00,9.109e-03,6.506e-04,0.000e+00,9.170e-01,9.183e-01,9.434e-01,5.999e-01,8.699e-01,7.746e-01,4.678e-01,9.886e-01,9.070e-01,8.933e-01,8.731e-01,9.645e-01,4.854e-01,8.227e-01,8.634e-01,5.072e-01,9.206e-01,8.517e-01,9.310e-01,9.948e-01,9.213e-01,7.615e-01,9.473e-01,8.718e-01,9.135e-01,8.686e-01,9.018e-01,8.084e-01,7.176e-01,8.855e-01,7.398e-01,9.652e-01,6.314e-01,6.311e-01,2.492e-01,8.643e-01,8.051e-01,5.124e-01,6.418e-01,7.856e-01,9.984e-01,9.945e-01,9.974e-01,9.935e-01,9.997e-01,9.961e-01,9.850e-01,9.990e-01,9.980e-01,9.954e-01,9.941e-01,6.900e-01,3.074e-01,0.000e+00,6.506e-04,0.000e+00,0.000e+00,7.807e-03,1.919e-02,0.000e+00,6.506e-04,3.253e-04,6.506e-04,5.986e-02,1.952e-03,0.000e+00,6.148e-02,1.952e-03,3.155e-02,6.181e-03,2.778e-01,3.578e-03,3.253e-04,6.506e-04,0.000e+00,0.000e+00,3.383e-02,0.000e+00,4.619e-02,0.000e+00,0.000e+00,0.000e+00,0.000e+00,3.253e-04,0.000e+00,0.000e+00,0.000e+00,0.000e+00,1.724e-02,5.530e-03,2.498e-01,0.000e+00,3.253e-04,0.000e+00,9.759e-04,1.822e-02,3.578e-03,6.311e-02,2.277e-03,3.237e-01,1.008e-02,2.762e-01,7.157e-03,0.000e+00,9.759e-04,9.109e-03,8.133e-03,0.000e+00,1.301e-03,1.301e-03,1.204e-02,3.165e-01,6.506e-04,9.759e-03,1.952e-02,6.506e-04,6.506e-04,1.854e-02,8.133e-03,7.157e-03
1.000e+00,1.000e+00,9.997e-01,9.799e-01,9.984e-01,9.997e-01,9.997e-01,9.908e-01,1.000e+00,9.994e-01,9.990e-01,9.987e-01,9.997e-01,9.994e-01,9.968e-01,9.981e-01,1.000e+00,9.974e-01,9.994e-01,9.959e-01,9.997e-01,9.987e-01,9.987e-01,9.981e-01,1.000e+00,9.997e-01,9.987e-01,9.955e-01,1.000e+00,9.997e-01,9.994e-01,9.987e-01,1.000e+00,9.994e-01,9.974e-01,9.920e-01,9.978e-01,1.000e+00,9.987e-01,9.978e-01,9.997e-01,9.994e-01,9.987e-01,9.971e-01,1.000e+00,9.990e-01,9.904e-01,9.952e-01,9.997e-01,9.962e-01,9.949e-01,9.981e-01,9.990e-01,3.189e-02,2.870e-03,0.000e+00,0.000e+00,0.000e+00,6.378e-03,0.000e+00,6.378e-04,1.307e-02,5.740e-03,0.000e+00,6.218e-02,0.000e+00,1.594e-03,3.284e-02,3.189e-04,0.000e+00,0.000e+00,2.551e-03,0.000e+00,0.000e+00,9.566e-04,1.913e-03,2.232e-03,0.000e+00,0.000e+00,0.000e+00,0.000e+00,0.000e+00,1.276e-03,9.566e-04,0.000e+00,3.189e-04,0.000e+00,9.566e-04,0.000e+00,0.000e+00,0.000e+00,9.566e-04,0.000e+00,0.000e+00,2.136e-02,0.000e+00,9.566e-04,6.209e-01,0.000e+00,0.000e+00,1.126e-01,0.000e+00,0.000e+00,0.000e+00,3.508e-03,3.189e-04,0.000e+00,0.000e+00,6.378e-03,0.000e+00,4.974e-02,1.339e-02,0.000e+00,6.378e-04,0.000e+00,0.000e+00,2.232e-03,0.000e+00,9.247e-03,6.378e-04,9.120e-01,9.888e-01,8.925e-01,0.000e+00,9.936e-01,9.621e-01,0.000e+00,9.455e-01,8.964e-01,5.934e-01,6.196e-01,9.487e-01,1.276e-03,0.000e+00,8.613e-01,5.421e-03,9.136e-01,9.582e-01,9.659e-01,9.892e-01,9.892e-01,9.739e-01,6.390e-01,8.504e-01,6.151e-01,9.630e-01,9.314e-01,9.381e-01,9.165e-01,9.203e-01,9.860e-01,9.247e-01,9.251e-01,0.000e+00,5.421e-03,0.000e+00,6.594e-01,0.000e+00,9.818e-01,9.965e-01,9.927e-01,9.968e-01,9.802e-01,9.952e-01,9.994e-01,9.981e-01,9.984e-01,9.987e-01,9.981e-01,9.984e-01,9.882e-01,0.000e+00,9.990e-01,9.774e-01,4.815e-02,0.000e+00,0.000e+00,0.000e+00,5.421e-03,2.315e-01,0.000e+00,1.046e-01,6.378e-04,9.566e-04,0.000e+00,1.020e-02,0.000e+00,3.189e-04,2.551e-03,0.000e+00,8.610e-03,0.000e+00,9.247e-03,1.276e-03,0.000e+00,1.913e-03,0.000e+00,0.000e+00,2.200e-02,0.000e+00,3.508e-03,0.000e+00,0.000e+00,0.000e+00,1.499e-02,9.885e-03,0.000e+00,0.000e+00,0.000e+00,0.000e+00,0.000e+00,6.378e-03,3.571e-02,2.551e-03,5.102e-03,0.000e+00,0.000e+00,9.611e-01,0.000e+00,9.126e-01,4.145e-03,0.000e+00,0.000e+00,0.000e+00,0.000e+00,1.276e-03,0.000e+00,0.000e+00,1.180e-02,0.000e+00,0.000e+00,8.658e-01,4.145e-03,0.000e+00,0.000e+00,5.102e-03,2.455e-02,0.000e+00,0.000e+00,9.247e-03
9.990e-01,1.000e+00,9.997e-01,9.945e-01,9.997e-01,1.000e+00,9.974e-01,9.926e-01,9.994e-01,1.000e+00,1.000e+00,9.984e-01,1.000e+00,1.000e+00,9.978e-01,9.987e-01,1.000e+00,9.994e-01,9.955e-01,9.955e-01,1.000e+00,9.997e-01,9.978e-01,9.939e-01,9.997e-01,9.994e-01,9.997e-01,9.949e-01,9.997e-01,9.990e-01,9.990e-01,9.981e-01,1.000e+00,9.987e-01,9.958e-01,9.936e-01,1.000e+00,9.994e-01,1.000e+00,9.933e-01,9.984e-01,9.981e-01,9.981e-01,9.817e-01,9.997e-01,9.994e-01,9.958e-01,9.997e-01,9.974e-01,9.984e-01,9.997e-01,9.888e-01,9.987e-01,9.968e-01,0.000e+00,2.117e-02,0.000e+00,6.416e-04,5.294e-02,0.000e+00,0.000e+00,3.529e-03,1.925e-03,9.625e-04,2.887e-02,0.000e+00,0.000e+00,1.925e-03,9.625e-04,0.000e+00,2.599e-02,0.000e+00,0.000e+00,0.000e+00,6.416e-04,0.000e+00,3.208e-04,0.000e+00,0.000e+00,0.000e+00,1.059e-02,1.957e-02,1.469e-01,3.208e-04,5.582e-02,0.000e+00,1.444e-02,6.416e-04,2.567e-03,0.000e+00,0.000e+00,0.000e+00,0.000e+00,0.000e+00,0.000e+00,0.000e+00,0.000e+00,8.778e-01,0.000e+00,1.925e-03,0.000e+00,0.000e+00,0.000e+00,4.459e-02,0.000e+00,9.625e-04,0.000e+00,2.567e-03,9.625e-04,8.855e-02,0.000e+00,3.208e-04,4.074e-02,0.000e+00,0.000e+00,1.604e-03,1.925e-03,1.925e-03,3.208e-04,0.000e+00,5.775e-03,7.449e-01,9.512e-01,0.000e+00,9.772e-01,8.842e-01,0.000e+00,9.609e-01,8.954e-01,8.418e-01,6.731e-01,7.889e-01,0.000e+00,1.604e-03,9.060e-01,6.416e-04,8.611e-01,7.732e-01,7.565e-01,9.750e-01,9.455e-01,9.820e-01,9.127e-01,9.307e-01,9.082e-01,9.329e-01,1.027e-02,9.172e-01,9.063e-01,9.570e-01,9.551e-01,9.968e-01,8.422e-01,6.416e-04,0.000e+00,5.839e-02,5.974e-01,3.208e-04,8.252e-01,8.608e-01,9.971e-01,9.974e-01,1.000e+00,9.759e-01,9.958e-01,9.872e-01,9.962e-01,9.955e-01,9.958e-01,9.907e-01,9.926e-01,2.567e-03,9.997e-01,9.962e-01,9.824e-01,4.812e-03,0.000e+00,0.000e+00,1.925e-03,0.000e+00,5.454e-03,6.416e-03,0.000e+00,1.283e-03,2.567e-03,3.593e-02,0.000e+00,3.208e-04,6.416e-04,0.000e+00,3.529e-03,0.000e+00,1.380e-02,0.000e+00,0.000e+00,0.000e+00,0.000e+00,3.208e-04,7.379e-03,0.000e+00,2.117e-02,9.625e-04,9.625e-03,0.000e+00,0.000e+00,0.000e+00,1.861e-02,0.000e+00,0.000e+00,6.994e-02,0.000e+00,0.000e+00,0.000e+00,7.058e-03,3.208e-04,1.219e-02,1.283e-03,9.503e-01,0.000e+00,6.962e-02,1.283e-03,1.604e-03,0.000e+00,3.208e-04,0.000e+00,1.604e-03,0.000e+00,4.812e-03,0.000e+00,3.529e-03,0.000e+00,8.017e-01,7.251e-02,0.000e+00,7.507e-02,1.540e-02,9.625e-04,6.096e-03,4.235e-02,0.000e+00
1.000e+00,9.993e-01,9.993e-01,9.906e-01,9.990e-01,9.980e-01,9.987e-01,9.976e-01,9.997e-01,9.987e-01,9.983e-01,9.993e-01,1.000e+00,9.987e-01,9.960e-01,9.980e-01,9.993e-01,9.976e-01,1.000e+00,9.902e-01,1.000e+00,9.997e-01,9.993e-01,9.997e-01,9.993e-01,1.000e+00,1.000e+00,9.933e-01,9.997e-01,1.000e+00,9.993e-01,9.774e-01,9.993e-01,1.000e+00,9.997e-01,9.973e-01,9.990e-01,9.997e-01,1.000e+00,9.923e-01,9.997e-01,9.997e-01,9.997e-01,9.912e-01,9.993e-01,9.997e-01,9.936e-01,9.923e-01,9.990e-01,9.997e-01,9.919e-01,9.862e-01,9.990e-01,9.987e-01,5.320e-02,1.886e-02,0.000e+00,0.000e+00,0.000e+00,0.000e+00,4.175e-02,0.000e+00,0.000e+00,0.000e+00,1.145e-02,2.357e-03,0.000e+00,2.020e-03,7.407e-03,0.000e+00,0.000e+00,0.000e+00,3.367e-04,0.000e+00,0.000e+00,1.347e-01,0.000e+00,1.347e-03,0.000e+00,0.000e+00,4.444e-02,0.000e+00,5.946e-01,0.000e+00,3.367e-04,0.000e+00,0.000e+00,0.000e+00,0.000e+00,0.000e+00,0.000e+00,0.000e+00,0.000e+00,0.000e+00,0.000e+00,0.000e+00,0.000e+00,8.495e-01,6.734e-04,7.744e-03,0.000e+00,0.000e+00,0.000e+00,5.051e-03,6.734e-04,0.000e+00,0.000e+00,0.000e+00,0.000e+00,5.976e-01,3.502e-02,1.347e-03,0.000e+00,0.000e+00,5.421e-02,2.357e-03,0.000e+00,4.040e-03,1.684e-03,1.219e-01,3.367e-04,3.973e-01,8.707e-01,1.010e-02,9.434e-01,9.663e-01,0.000e+00,3.411e-01,6.778e-01,8.684e-01,9.764e-01,6.020e-01,1.111e-02,0.000e+00,9.397e-01,1.347e-03,8.562e-01,9.609e-01,6.822e-01,8.502e-01,9.640e-01,9.219e-01,2.593e-02,8.710e-01,9.673e-01,3.818e-01,0.000e+00,9.973e-01,8.152e-01,9.209e-01,9.037e-01,9.350e-01,9.532e-01,7.677e-02,0.000e+00,3.367e-04,9.253e-01,1.347e-02,2.135e-01,3.963e-01,9.939e-01,9.923e-01,9.980e-01,9.869e-01,9.997e-01,9.916e-01,9.879e-01,9.155e-01,9.970e-01,9.983e-01,9.933e-01,5.916e-01,9.987e-01,9.997e-01,9.906e-01,3.926e-01,1.010e-03,0.000e+00,2.694e-03,1.684e-03,0.000e+00,0.000e+00,0.000e+00,0.000e+00,0.000e+00,0.000e+00,6.734e-04,5.084e-02,1.212e-02,0.000e+00,0.000e+00,0.000e+00,3.630e-01,7.071e-03,4.040e-03,6.768e-02,6.734e-04,0.000e+00,3.367e-04,0.000e+00,3.838e-02,0.000e+00,1.684e-03,0.000e+00,1.684e-03,0.000e+00,0.000e+00,2.357e-03,0.000e+00,0.000e+00,0.000e+00,0.000e+00,0.000e+00,0.000e+00,2.660e-02,6.734e-03,0.000e+00,8.980e-01,0.000e+00,3.367e-04,0.000e+00,0.000e+00,0.000e+00,2.694e-03,3.502e-02,6.734e-04,0.000e+00,0.000e+00,1.818e-02,0.000e+00,0.000e+00,8.852e-01,0.000e+00,0.000e+00,3.973e-01,0.000e+00,9.764e-03,0.000e+00,3.367e-04,2.357e-03
9.990e-01,9.997e-01,9.990e-01,9.943e-01,9.987e-01,9.983e-01,9.997e-01,9.976e-01,1.000e+00,9.993e-01,9.983e-01,9.926e-01,1.000e+00,9.997e-01,9.997e-01,9.976e-01,1.000e+00,9.993e-01,9.973e-01,9.956e-01,9.997e-01,9.990e-01,9.990e-01,9.919e-01,9.997e-01,9.997e-01,9.993e-01,1.000e+00,9.993e-01,9.993e-01,9.993e-01,9.997e-01,1.000e+00,9.993e-01,9.983e-01,9.859e-01,9.987e-01,9.997e-01,9.980e-01,9.913e-01,9.980e-01,1.000e+00,1.000e+00,9.983e-01,9.987e-01,9.993e-01,9.990e-01,9.980e-01,9.993e-01,9.946e-01,9.973e-01,9.933e-01,9.990e-01,9.869e-01,9.798e-01,0.000e+00,3.362e-04,0.000e+00,0.000e+00,0.000e+00,2.118e-02,2.017e-03,0.000e+00,0.000e+00,3.362e-04,0.000e+00,4.640e-02,1.984e-02,1.917e-02,1.345e-03,3.362e-02,0.000e+00,0.000e+00,1.412e-02,0.000e+00,8.722e-01,1.816e-02,0.000e+00,5.716e-03,2.354e-03,1.076e-02,3.362e-04,1.782e-02,0.000e+00,1.009e-03,3.362e-04,8.070e-03,3.362e-03,3.362e-04,0.000e+00,0.000e+00,0.000e+00,2.118e-02,0.000e+00,0.000e+00,3.362e-04,0.000e+00,1.274e-01,0.000e+00,0.000e+00,0.000e+00,3.362e-04,0.000e+00,0.000e+00,1.009e-03,0.000e+00,1.311e-01,2.354e-03,3.362e-04,1.547e-02,0.000e+00,0.000e+00,0.000e+00,1.913e-01,4.270e-02,0.000e+00,0.000e+00,0.000e+00,0.000e+00,0.000e+00,5.716e-03,9.230e-01,5.716e-03,0.000e+00,9.815e-01,8.161e-01,1.681e-03,0.000e+00,9.338e-01,8.722e-01,8.093e-01,6.187e-02,0.000e+00,0.000e+00,9.913e-01,9.079e-03,9.674e-01,9.681e-01,8.668e-01,9.721e-01,8.510e-01,9.630e-01,0.000e+00,2.256e-01,9.180e-01,9.328e-01,1.345e-03,9.795e-01,8.810e-01,9.909e-01,9.586e-01,9.704e-01,9.610e-01,4.371e-03,3.362e-03,0.000e+00,4.808e-02,3.362e-04,9.472e-01,8.628e-01,9.997e-01,9.960e-01,9.923e-01,9.939e-01,9.963e-01,9.960e-01,9.956e-01,9.997e-01,9.993e-01,9.946e-01,9.990e-01,4.818e-01,9.923e-01,9.980e-01,9.973e-01,9.882e-01,0.000e+00,0.000e+00,0.000e+00,2.017e-03,0.000e+00,0.000e+00,0.000e+00,0.000e+00,0.000e+00,0.000e+00,6.389e-03,0.000e+00,4.371e-03,0.000e+00,0.000e+00,0.000e+00,7.979e-01,0.000e+00,0.000e+00,1.009e-03,0.000e+00,0.000e+00,1.816e-02,0.000e+00,6.725e-04,0.000e+00,3.362e-03,0.000e+00,0.000e+00,0.000e+00,2.522e-02,0.000e+00,0.000e+00,0.000e+00,1.345e-03,5.044e-03,0.000e+00,1.009e-03,8.574e-02,0.000e+00,0.000e+00,9.233e-01,6.725e-04,0.000e+00,0.000e+00,0.000e+00,0.000e+00,0.000e+00,3.362e-04,6.725e-04,1.009e-03,0.000e+00,0.000e+00,2.690e-03,5.649e-02,9.523e-01,0.000e+00,0.000e+00,9.008e-01,0.000e+00,0.000e+00,6.725e-04,0.000e+00,0.000e+00
9.997e-01,9.990e-01,9.958e-01,9.980e-01,1.000e+00,1.000e+00,1.000e+00,9.833e-01,9.997e-01,9.974e-01,9.990e-01,9.899e-01,1.000e+00,9.987e-01,9.993e-01,9.984e-01,9.993e-01,9.980e-01,1.000e+00,9.922e-01,1.000e+00,9.997e-01,9.984e-01,9.997e-01,1.000e+00,9.997e-01,9.997e-01,9.984e-01,9.997e-01,9.990e-01,9.990e-01,9.895e-01,1.000e+00,9.997e-01,9.886e-01,9.951e-01,9.993e-01,9.997e-01,9.993e-01,9.984e-01,1.000e+00,9.993e-01,9.990e-01,9.980e-01,9.993e-01,9.993e-01,9.967e-01,9.964e-01,9.984e-01,9.987e-01,9.922e-01,9.726e-01,9.984e-01,9.944e-01,9.889e-01,7.730e-01,2.940e-03,0.000e+00,0.000e+00,0.000e+00,2.842e-02,3.267e-04,0.000e+00,3.594e-03,5.031e-02,3.267e-04,0.000e+00,3.920e-02,2.842e-02,0.000e+00,1.895e-02,2.221e-02,0.000e+00,7.187e-03,1.731e-02,9.356e-01,1.699e-02,0.000e+00,0.000e+00,0.000e+00,0.000e+00,1.274e-02,0.000e+00,0.000e+00,0.000e+00,0.000e+00,4.900e-03,6.534e-04,1.633e-03,0.000e+00,0.000e+00,0.000e+00,1.307e-03,1.307e-03,0.000e+00,0.000e+00,0.000e+00,5.096e-02,3.267e-03,2.614e-02,6.194e-01,3.267e-04,0.000e+00,0.000e+00,1.307e-03,0.000e+00,7.945e-01,0.000e+00,0.000e+00,2.646e-02,0.000e+00,3.267e-04,3.267e-04,0.000e+00,0.000e+00,3.920e-03,0.000e+00,0.000e+00,0.000e+00,0.000e+00,9.801e-04,8.850e-01,3.267e-04,3.267e-04,9.791e-01,9.732e-01,1.535e-02,0.000e+00,9.941e-01,9.285e-01,9.213e-01,7.514e-03,3.267e-04,0.000e+00,9.706e-01,0.000e+00,9.298e-01,9.706e-01,9.654e-01,9.307e-01,9.059e-01,6.047e-01,1.023e-01,8.063e-01,9.183e-01,2.431e-01,0.000e+00,9.203e-01,8.736e-01,9.363e-01,9.670e-01,9.876e-01,9.928e-01,4.574e-03,0.000e+00,6.534e-04,2.777e-02,6.534e-03,9.530e-01,8.974e-01,9.974e-01,9.958e-01,9.980e-01,9.843e-01,9.987e-01,9.925e-01,9.948e-01,9.941e-01,1.000e+00,9.997e-01,9.948e-01,9.441e-01,9.951e-01,9.977e-01,9.977e-01,9.869e-01,8.167e-03,0.000e+00,2.973e-02,0.000e+00,0.000e+00,0.000e+00,0.000e+00,0.000e+00,1.241e-02,0.000e+00,3.267e-04,3.071e-02,0.000e+00,2.614e-03,5.880e-03,0.000e+00,9.628e-01,0.000e+00,4.149e-02,3.920e-03,0.000e+00,0.000e+00,9.801e-04,2.875e-02,0.000e+00,0.000e+00,9.801e-04,0.000e+00,1.307e-03,0.000e+00,0.000e+00,0.000e+00,0.000e+00,4.345e-02,9.801e-04,3.267e-04,6.534e-04,8.984e-02,2.810e-02,0.000e+00,3.267e-04,8.621e-01,5.554e-03,4.247e-03,0.000e+00,0.000e+00,0.000e+00,0.000e+00,0.000e+00,0.000e+00,0.000e+00,7.720e-01,0.000e+00,0.000e+00,2.320e-02,9.882e-01,3.267e-04,9.801e-04,9.314e-01,3.920e-03,0.000e+00,0.000e+00,1.405e-02,6.534e-04
1.000e+00,9.989e-01,1.000e+00,9.964e-01,9.996e-01,9.982e-01,9.953e-01,9.993e-01,9.996e-01,1.000e+00,9.993e-01,9.993e-01,9.996e-01,9.993e-01,1.000e+00,9.956e-01,9.996e-01,1.000e+00,9.967e-01,9.949e-01,9.993e-01,9.996e-01,9.938e-01,9.971e-01,9.985e-01,1.000e+00,9.975e-01,9.967e-01,9.996e-01,9.975e-01,9.996e-01,9.967e-01,9.996e-01,9.989e-01,9.971e-01,9.985e-01,1.000e+00,9.985e-01,9.982e-01,9.949e-01,9.996e-01,9.989e-01,9.996e-01,9.978e-01,9.996e-01,9.993e-01,9.971e-01,1.000e+00,9.993e-01,9.938e-01,9.982e-01,9.956e-01,9.938e-01,9.960e-01,9.993e-01,9.967e-01,8.191e-02,0.000e+00,2.075e-02,0.000e+00,0.000e+00,0.000e+00,0.000e+00,6.662e-02,0.000e+00,1.318e-01,1.456e-03,1.456e-03,0.000e+00,1.456e-03,8.227e-02,1.238e-02,5.825e-03,0.000e+00,0.000e+00,9.967e-01,0.000e+00,0.000e+00,0.000e+00,3.640e-04,0.000e+00,0.000e+00,0.000e+00,5.497e-02,3.640e-04,0.000e+00,0.000e+00,0.000e+00,5.461e-03,0.000e+00,3.640e-04,0.000e+00,1.143e-01,0.000e+00,0.000e+00,8.373e-03,0.000e+00,0.000e+00,1.092e-03,5.461e-03,9.701e-01,0.000e+00,5.825e-03,0.000e+00,4.914e-02,1.493e-02,8.151e-01,0.000e+00,2.839e-02,3.640e-03,7.281e-04,0.000e+00,0.000e+00,7.281e-04,1.092e-03,4.368e-03,1.638e-02,6.553e-03,1.966e-02,8.373e-03,0.000e+00,8.613e-01,7.281e-04,0.000e+00,8.715e-01,8.799e-01,0.000e+00,0.000e+00,8.362e-01,8.384e-01,9.225e-01,8.373e-03,7.281e-03,0.000e+00,9.454e-01,8.737e-03,7.889e-01,9.254e-01,8.478e-01,8.384e-01,9.115e-01,5.795e-01,2.854e-01,9.651e-01,7.135e-01,0.000e+00,7.281e-04,9.847e-01,9.054e-01,9.778e-01,9.090e-01,9.691e-01,9.949e-01,0.000e+00,1.456e-03,1.092e-03,0.000e+00,3.640e-04,9.225e-01,8.271e-01,9.978e-01,9.971e-01,9.978e-01,9.949e-01,9.964e-01,9.945e-01,9.956e-01,9.760e-01,9.945e-01,9.967e-01,9.796e-01,9.847e-01,9.931e-01,1.000e+00,9.621e-01,9.975e-01,1.638e-02,1.092e-03,0.000e+00,0.000e+00,7.281e-04,0.000e+00,1.129e-02,1.747e-02,1.602e-02,0.000e+00,3.640e-03,0.000e+00,1.158e-01,0.000e+00,3.640e-04,7.281e-04,6.170e-01,2.184e-03,1.820e-03,0.000e+00,7.281e-04,0.000e+00,4.004e-03,0.000e+00,0.000e+00,0.000e+00,0.000e+00,0.000e+00,3.640e-04,0.000e+00,0.000e+00,3.640e-04,0.000e+00,0.000e+00,3.640e-04,0.000e+00,1.493e-02,2.912e-03,1.158e-01,0.000e+00,1.311e-02,7.550e-01,3.640e-04,1.092e-02,0.000e+00,1.238e-02,3.640e-04,0.000e+00,0.000e+00,0.000e+00,0.000e+00,9.949e-01,2.912e-03,5.825e-03,0.000e+00,9.774e-01,0.000e+00,2.111e-02,8.489e-01,7.281e-04,0.000e+00,1.820e-02,4.368e-03,2.912e-03
1.000e+00,9.993e-01,1.000e+00,9.956e-01,9.989e-01,9.996e-01,9.978e-01,9.971e-01,9.993e-01,9.993e-01,9.989e-01,9.971e-01,9.982e-01,9.985e-01,1.000e+00,9.952e-01,9.996e-01,1.000e+00,9.967e-01,9.952e-01,9.996e-01,9.982e-01,9.978e-01,9.952e-01,1.000e+00,1.000e+00,9.956e-01,9.978e-01,1.000e+00,9.978e-01,9.978e-01,9.967e-01,9.996e-01,9.989e-01,9.993e-01,9.989e-01,9.996e-01,9.993e-01,9.985e-01,9.967e-01,9.989e-01,9.996e-01,9.989e-01,9.956e-01,9.996e-01,9.982e-01,9.982e-01,9.982e-01,9.960e-01,9.978e-01,9.996e-01,9.967e-01,9.974e-01,9.952e-01,9.926e-01,9.963e-01,7.282e-02,1.287e-02,1.398e-02,7.356e-04,7.356e-04,3.678e-04,0.000e+00,4.818e-02,0.000e+00,9.636e-02,1.883e-01,1.673e-01,3.678e-04,0.000e+00,2.839e-01,0.000e+00,0.000e+00,0.000e+00,0.000e+00,9.084e-01,0.000e+00,3.384e-02,0.000e+00,0.000e+00,1.581e-02,5.701e-02,3.678e-04,7.356e-04,0.000e+00,6.620e-03,0.000e+00,0.000e+00,3.678e-04,3.678e-04,7.356e-04,3.715e-02,4.377e-02,2.207e-03,0.000e+00,0.000e+00,1.471e-02,4.781e-03,6.620e-03,7.356e-04,9.897e-01,2.795e-02,0.000e+00,3.678e-04,2.574e-02,0.000e+00,8.441e-01,0.000e+00,2.942e-03,0.000e+00,4.597e-02,0.000e+00,8.091e-03,5.811e-02,0.000e+00,5.995e-02,1.434e-02,1.876e-02,1.692e-02,1.103e-02,3.678e-04,6.605e-01,0.000e+00,1.103e-02,8.183e-01,9.698e-01,0.000e+00,3.200e-02,5.550e-01,7.117e-01,8.419e-01,0.000e+00,0.000e+00,1.471e-03,8.816e-01,3.678e-04,7.312e-01,8.904e-01,7.135e-01,7.808e-01,6.293e-01,5.473e-01,2.082e-01,9.772e-01,3.667e-01,3.678e-04,0.000e+00,7.779e-01,7.014e-01,9.632e-01,4.910e-01,9.309e-01,9.595e-01,8.459e-03,0.000e+00,0.000e+00,0.000e+00,0.000e+00,5.726e-01,9.081e-01,9.978e-01,1.000e+00,9.971e-01,9.923e-01,9.982e-01,9.967e-01,9.757e-01,9.923e-01,9.982e-01,9.993e-01,9.820e-01,9.926e-01,9.978e-01,9.974e-01,9.923e-01,9.945e-01,7.356e-04,0.000e+00,0.000e+00,0.000e+00,2.942e-03,0.000e+00,0.000e+00,0.000e+00,0.000e+00,0.000e+00,3.678e-03,7.356e-03,2.685e-01,7.356e-04,0.000e+00,2.133e-02,5.976e-01,0.000e+00,3.678e-04,0.000e+00,3.751e-02,0.000e+00,4.046e-03,0.000e+00,9.195e-03,0.000e+00,4.744e-02,2.574e-03,1.030e-02,8.091e-02,0.000e+00,0.000e+00,3.310e-03,0.000e+00,0.000e+00,0.000e+00,3.678e-04,0.000e+00,1.618e-01,7.356e-04,0.000e+00,1.026e-01,0.000e+00,4.229e-02,3.678e-04,0.000e+00,6.620e-03,0.000e+00,6.620e-03,1.471e-02,1.103e-03,7.797e-01,1.839e-03,0.000e+00,6.620e-03,9.724e-01,0.000e+00,0.000e+00,7.231e-01,1.103e-03,0.000e+00,0.000e+00,6.473e-02,3.715e-02
1.000e+00,9.977e-01,9.997e-01,9.994e-01,9.997e-01,9.987e-01,9.997e-01,9.948e-01,9.984e-01,1.000e+00,1.000e+00,9.945e-01,1.000e+00,1.000e+00,9.968e-01,9.951e-01,9.977e-01,1.000e+00,9.977e-01,9.832e-01,9.997e-01,9.997e-01,9.984e-01,9.955e-01,9.987e-01,9.990e-01,9.997e-01,9.909e-01,9.997e-01,9.997e-01,9.984e-01,9.909e-01,9.997e-01,1.000e+00,9.981e-01,9.977e-01,9.994e-01,9.997e-01,1.000e+00,9.961e-01,9.997e-01,1.000e+00,9.977e-01,9.961e-01,9.997e-01,9.997e-01,9.990e-01,9.964e-01,9.990e-01,9.987e-01,9.955e-01,9.964e-01,9.974e-01,9.871e-01,9.841e-01,9.990e-01,8.673e-02,0.000e+00,9.709e-04,9.061e-03,0.000e+00,0.000e+00,5.178e-03,0.000e+00,6.472e-04,1.294e-03,0.000e+00,2.317e-01,0.000e+00,0.000e+00,2.511e-01,0.000e+00,0.000e+00,3.236e-04,1.942e-03,7.806e-01,2.265e-03,7.120e-03,0.000e+00,0.000e+00,3.236e-04,3.249e-01,0.000e+00,0.000e+00,0.000e+00,1.133e-01,1.165e-02,0.000e+00,0.000e+00,0.000e+00,1.945e-01,1.269e-01,1.058e-01,6.796e-03,8.091e-03,0.000e+00,0.000e+00,2.288e-01,8.835e-02,9.709e-04,9.958e-01,0.000e+00,1.155e-01,0.000e+00,2.913e-03,0.000e+00,8.595e-01,0.000e+00,0.000e+00,0.000e+00,8.285e-02,1.942e-03,0.000e+00,3.201e-01,0.000e+00,1.039e-01,0.000e+00,0.000e+00,0.000e+00,0.000e+00,0.000e+00,6.712e-01,0.000e+00,0.000e+00,5.443e-01,9.958e-01,1.100e-02,0.000e+00,4.489e-01,8.906e-01,8.531e-01,6.472e-04,0.000e+00,0.000e+00,6.709e-01,0.000e+00,6.385e-01,8.524e-01,8.887e-01,6.638e-01,5.638e-01,4.272e-01,3.398e-01,9.799e-01,3.133e-01,5.049e-02,0.000e+00,7.612e-01,5.084e-01,9.472e-01,3.152e-01,7.900e-01,8.184e-01,0.000e+00,0.000e+00,0.000e+00,0.000e+00,0.000e+00,3.987e-01,8.518e-01,9.964e-01,9.958e-01,1.000e+00,9.913e-01,9.984e-01,9.958e-01,9.858e-01,9.977e-01,9.997e-01,9.958e-01,9.809e-01,9.942e-01,9.955e-01,9.942e-01,9.880e-01,9.816e-01,1.942e-03,0.000e+00,1.456e-02,6.472e-04,9.709e-04,0.000e+00,0.000e+00,0.000e+00,6.472e-04,9.709e-04,8.317e-02,0.000e+00,0.000e+00,0.000e+00,1.932e-01,0.000e+00,4.272e-01,2.589e-03,0.000e+00,0.000e+00,7.443e-03,3.236e-04,0.000e+00,0.000e+00,5.502e-03,0.000e+00,0.000e+00,0.000e+00,3.236e-04,0.000e+00,0.000e+00,7.443e-03,0.000e+00,5.761e-02,0.000e+00,3.236e-04,1.230e-01,0.000e+00,1.301e-01,0.000e+00,0.000e+00,1.071e-01,2.039e-01,1.282e-01,6.472e-04,0.000e+00,0.000e+00,0.000e+00,8.091e-03,0.000e+00,0.000e+00,7.330e-01,0.000e+00,0.000e+00,1.081e-01,8.631e-01,4.207e-03,0.000e+00,7.880e-01,2.589e-03,1.239e-01,7.476e-02,8.285e-02,1.447e-01
9.997e-01,9.994e-01,9.997e-01,9.978e-01,9.997e-01,9.987e-01,9.946e-01,9.981e-01,1.000e+00,9.994e-01,9.994e-01,9.907e-01,9.997e-01,9.997e-01,9.939e-01,1.000e+00,9.994e-01,9.997e-01,9.990e-01,9.974e-01,1.000e+00,1.000e+00,9.974e-01,9.955e-01,9.990e-01,1.000e+00,9.978e-01,9.994e-01,1.000e+00,1.000e+00,1.000e+00,9.968e-01,9.997e-01,9.994e-01,9.990e-01,9.990e-01,9.994e-01,9.997e-01,9.962e-01,9.984e-01,1.000e+00,9.987e-01,9.990e-01,9.962e-01,1.000e+00,9.971e-01,9.997e-01,9.738e-01,9.990e-01,9.994e-01,9.952e-01,9.955e-01,9.974e-01,1.000e+00,9.882e-01,9.958e-01,0.000e+00,1.598e-03,9.907e-03,0.000e+00,1.278e-03,9.588e-04,3.196e-03,9.875e-02,0.000e+00,0.000e+00,1.598e-03,3.826e-01,2.557e-03,1.310e-02,2.160e-01,0.000e+00,3.196e-04,0.000e+00,3.196e-03,7.472e-01,3.675e-02,0.000e+00,9.396e-02,1.342e-02,3.516e-03,5.644e-01,0.000e+00,4.794e-03,0.000e+00,2.557e-03,1.237e-01,0.000e+00,0.000e+00,0.000e+00,1.777e-01,3.436e-01,1.266e-01,0.000e+00,0.000e+00,0.000e+00,0.000e+00,3.810e-01,4.155e-03,3.835e-03,9.543e-01,0.000e+00,0.000e+00,0.000e+00,0.000e+00,0.000e+00,8.504e-01,0.000e+00,1.918e-03,0.000e+00,0.000e+00,0.000e+00,0.000e+00,5.478e-01,2.192e-01,1.451e-01,0.000e+00,0.000e+00,7.159e-02,0.000e+00,5.753e-03,7.974e-01,1.598e-03,2.717e-02,7.309e-01,9.076e-01,4.474e-03,3.196e-04,5.670e-01,9.693e-01,8.961e-01,0.000e+00,1.004e-01,3.196e-04,5.833e-01,0.000e+00,5.845e-01,4.858e-01,9.808e-01,9.671e-01,2.212e-01,4.541e-01,3.998e-01,9.479e-01,3.503e-01,1.595e-01,0.000e+00,9.239e-01,2.969e-01,9.089e-01,9.588e-04,6.459e-01,9.987e-01,1.246e-02,6.392e-04,0.000e+00,9.907e-03,1.598e-03,3.158e-01,9.511e-01,1.000e+00,9.987e-01,9.955e-01,9.831e-01,9.990e-01,9.978e-01,9.987e-01,9.779e-01,9.997e-01,9.958e-01,9.795e-01,9.533e-01,9.955e-01,9.920e-01,9.773e-01,9.786e-01,2.397e-02,1.598e-03,7.990e-03,1.946e-01,3.835e-02,1.694e-02,2.876e-03,0.000e+00,0.000e+00,0.000e+00,1.182e-02,5.433e-03,0.000e+00,4.155e-02,1.780e-01,0.000e+00,4.046e-01,0.000e+00,6.392e-04,0.000e+00,3.196e-04,5.753e-03,3.196e-04,0.000e+00,0.000e+00,3.196e-04,0.000e+00,3.196e-04,0.000e+00,0.000e+00,6.392e-04,0.000e+00,0.000e+00,1.189e-01,0.000e+00,0.000e+00,0.000e+00,8.629e-03,1.013e-01,6.392e-04,3.196e-04,0.000e+00,3.365e-01,2.160e-01,0.000e+00,0.000e+00,0.000e+00,0.000e+00,1.918e-03,1.151e-02,0.000e+00,4.938e-01,0.000e+00,3.675e-02,0.000e+00,6.408e-01,0.000e+00,0.000e+00,6.532e-01,9.588e-04,1.780e-01,1.342e-02,4.123e-02,2.221e-01
9.996e-01,9.996e-01,9.993e-01,9.961e-01,1.000e+00,1.000e+00,9.944e-01,9.975e-01,1.000e+00,9.996e-01,9.979e-01,9.996e-01,9.993e-01,1.000e+00,9.979e-01,9.979e-01,1.000e+00,9.975e-01,9.982e-01,9.968e-01,9.982e-01,1.000e+00,9.975e-01,9.804e-01,1.000e+00,9.961e-01,9.993e-01,9.965e-01,1.000e+00,1.000e+00,9.930e-01,9.996e-01,1.000e+00,1.000e+00,9.993e-01,9.940e-01,1.000e+00,9.986e-01,9.996e-01,9.951e-01,9.996e-01,9.979e-01,9.972e-01,9.975e-01,1.000e+00,1.000e+00,9.972e-01,9.989e-01,9.982e-01,9.986e-01,9.975e-01,9.944e-01,9.975e-01,9.902e-01,9.993e-01,9.818e-01,0.000e+00,0.000e+00,3.509e-04,3.860e-03,0.000e+00,0.000e+00,0.000e+00,9.965e-02,3.509e-04,0.000e+00,0.000e+00,3.870e-01,0.000e+00,2.105e-02,4.277e-01,3.509e-04,0.000e+00,8.772e-03,3.509e-04,8.379e-01,6.316e-03,0.000e+00,2.467e-01,1.639e-01,3.158e-03,3.147e-01,1.053e-03,0.000e+00,0.000e+00,2.035e-02,2.035e-02,0.000e+00,3.509e-04,2.105e-03,9.614e-02,4.112e-01,1.614e-01,0.000e+00,0.000e+00,0.000e+00,0.000e+00,3.639e-01,0.000e+00,2.211e-02,7.277e-01,0.000e+00,3.509e-04,0.000e+00,0.000e+00,2.351e-02,9.691e-01,4.070e-02,1.754e-03,0.000e+00,1.039e-01,0.000e+00,1.053e-03,5.495e-01,1.046e-01,7.368e-03,0.000e+00,2.982e-02,2.944e-01,0.000e+00,4.246e-02,8.544e-01,0.000e+00,0.000e+00,5.923e-01,6.523e-01,0.000e+00,7.368e-03,5.818e-01,7.772e-01,7.049e-01,0.000e+00,3.263e-01,4.211e-02,4.407e-01,5.228e-02,5.281e-01,6.860e-01,8.926e-01,9.021e-01,4.091e-01,3.705e-01,3.582e-01,8.642e-01,4.032e-01,1.382e-01,0.000e+00,8.263e-01,3.800e-01,6.982e-01,1.053e-01,8.337e-01,9.246e-01,5.439e-02,0.000e+00,3.509e-03,5.965e-03,1.053e-03,2.586e-01,9.340e-01,1.000e+00,9.996e-01,9.944e-01,9.782e-01,9.975e-01,9.961e-01,9.832e-01,9.828e-01,9.989e-01,9.986e-01,9.979e-01,9.972e-01,9.993e-01,9.996e-01,9.926e-01,9.614e-01,0.000e+00,4.070e-02,0.000e+00,7.930e-02,1.625e-01,0.000e+00,1.404e-03,7.368e-03,3.158e-03,0.000e+00,0.000e+00,0.000e+00,0.000e+00,0.000e+00,1.582e-01,0.000e+00,3.898e-01,0.000e+00,0.000e+00,3.509e-03,0.000e+00,0.000e+00,0.000e+00,0.000e+00,2.105e-03,6.316e-03,0.000e+00,1.018e-02,0.000e+00,0.000e+00,1.053e-03,8.491e-02,4.912e-03,1.512e-01,0.000e+00,2.316e-02,3.158e-03,3.509e-04,5.965e-03,7.895e-02,9.474e-03,0.000e+00,1.035e-01,4.368e-01,0.000e+00,1.144e-01,9.474e-03,0.000e+00,0.000e+00,3.158e-03,3.860e-02,1.786e-01,0.000e+00,6.316e-03,0.000e+00,2.740e-01,2.105e-03,0.000e+00,8.018e-01,0.000e+00,1.189e-01,0.000e+00,0.000e+00,3.681e-01
9.984e-01,9.984e-01,9.977e-01,9.984e-01,9.997e-01,9.997e-01,9.997e-01,9.893e-01,1.000e+00,9.994e-01,9.987e-01,9.945e-01,1.000e+00,9.987e-01,9.981e-01,1.000e+00,1.000e+00,9.987e-01,9.906e-01,1.000e+00,9.987e-01,9.997e-01,9.987e-01,9.984e-01,1.000e+00,9.981e-01,9.987e-01,9.948e-01,9.987e-01,1.000e+00,9.994e-01,9.968e-01,9.981e-01,9.990e-01,9.929e-01,9.932e-01,9.994e-01,1.000e+00,9.968e-01,9.945e-01,9.994e-01,9.977e-01,9.997e-01,9.838e-01,9.971e-01,9.968e-01,9.938e-01,9.971e-01,9.997e-01,9.984e-01,9.932e-01,9.961e-01,9.987e-01,9.925e-01,9.938e-01,9.760e-01,1.365e-02,1.300e-03,5.850e-03,9.750e-04,0.000e+00,0.000e+00,0.000e+00,1.362e-01,0.000e+00,4.290e-02,5.362e-02,1.199e-01,0.000e+00,0.000e+00,8.190e-01,0.000e+00,6.500e-04,4.615e-02,2.600e-03,8.073e-01,0.000e+00,9.750e-04,7.706e-01,6.207e-02,3.250e-04,3.900e-03,0.000e+00,0.000e+00,1.137e-02,0.000e+00,2.600e-03,0.000e+00,0.000e+00,3.250e-04,9.750e-04,6.441e-01,6.207e-02,0.000e+00,0.000e+00,0.000e+00,6.175e-03,7.995e-02,9.587e-02,1.072e-02,8.541e-01,0.000e+00,6.500e-04,3.965e-02,7.800e-02,0.000e+00,9.220e-01,3.250e-04,6.500e-04,8.775e-03,8.027e-02,1.024e-01,8.775e-03,8.625e-01,3.250e-04,0.000e+00,6.825e-03,3.997e-02,6.978e-01,0.000e+00,1.472e-01,9.477e-01,0.000e+00,4.225e-03,8.430e-01,7.390e-01,0.000e+00,8.190e-02,7.065e-01,9.318e-01,1.823e-01,0.000e+00,8.109e-01,1.043e-01,1.020e-01,1.027e-01,7.894e-01,6.448e-01,5.437e-01,7.173e-01,4.111e-01,4.670e-01,1.251e-01,9.883e-01,1.199e-01,6.207e-02,3.250e-04,8.928e-01,1.206e-01,6.753e-01,2.275e-02,8.343e-01,8.580e-01,0.000e+00,3.250e-04,2.925e-03,0.000e+00,0.000e+00,7.995e-02,9.808e-01,9.984e-01,1.000e+00,9.977e-01,9.990e-01,9.984e-01,9.932e-01,9.987e-01,9.932e-01,9.964e-01,9.961e-01,9.955e-01,9.643e-01,9.984e-01,9.903e-01,9.958e-01,9.818e-01,8.320e-02,0.000e+00,0.000e+00,4.153e-01,6.207e-02,6.500e-04,0.000e+00,0.000e+00,2.925e-03,0.000e+00,4.875e-03,1.300e-02,0.000e+00,3.250e-04,1.258e-01,6.175e-03,1.550e-01,9.750e-04,4.615e-02,0.000e+00,0.000e+00,7.995e-02,1.397e-02,0.000e+00,0.000e+00,8.677e-02,0.000e+00,1.105e-02,3.575e-03,6.500e-04,3.250e-04,7.345e-02,0.000e+00,6.207e-02,2.600e-03,0.000e+00,8.320e-02,1.199e-01,4.550e-03,1.215e-01,0.000e+00,0.000e+00,0.000e+00,8.216e-01,0.000e+00,1.430e-02,3.250e-04,1.202e-02,0.000e+00,7.800e-03,1.527e-02,1.365e-02,0.000e+00,0.000e+00,0.000e+00,5.879e-01,1.007e-02,1.040e-01,9.435e-01,0.000e+00,6.500e-04,8.125e-03,7.767e-02,6.831e-01
9.987e-01,9.980e-01,9.990e-01,9.987e-01,9.990e-01,1.000e+00,9.983e-01,9.930e-01,9.993e-01,9.990e-01,9.960e-01,9.987e-01,9.997e-01,9.997e-01,9.977e-01,9.930e-01,9.997e-01,1.000e+00,9.987e-01,9.977e-01,9.987e-01,9.987e-01,9.990e-01,9.943e-01,9.997e-01,9.990e-01,9.987e-01,9.973e-01,9.997e-01,9.990e-01,9.910e-01,1.000e+00,1.000e+00,9.983e-01,9.887e-01,9.980e-01,9.997e-01,9.997e-01,9.963e-01,9.923e-01,9.993e-01,9.990e-01,9.973e-01,9.990e-01,9.993e-01,9.980e-01,9.987e-01,9.997e-01,9.987e-01,9.987e-01,9.997e-01,9.977e-01,9.973e-01,9.910e-01,9.840e-01,9.957e-01,9.860e-01,0.000e+00,3.336e-04,9.760e-01,0.000e+00,0.000e+00,0.000e+00,0.000e+00,1.668e-03,0.000e+00,0.000e+00,3.336e-04,0.000e+00,0.000e+00,9.416e-01,0.000e+00,0.000e+00,0.000e+00,4.336e-03,9.880e-01,2.335e-03,0.000e+00,9.413e-01,1.001e-03,0.000e+00,3.336e-04,6.671e-04,1.334e-03,0.000e+00,0.000e+00,0.000e+00,0.000e+00,0.000e+00,2.435e-02,0.000e+00,9.860e-01,0.000e+00,2.001e-03,2.902e-02,0.000e+00,6.671e-04,6.671e-04,0.000e+00,0.000e+00,8.306e-01,0.000e+00,4.169e-02,3.669e-03,1.101e-02,0.000e+00,9.436e-01,0.000e+00,2.769e-02,0.000e+00,3.536e-02,1.001e-03,0.000e+00,5.480e-01,0.000e+00,0.000e+00,4.336e-03,3.803e-02,0.000e+00,7.005e-03,3.336e-04,9.049e-01,1.334e-03,0.000e+00,0.000e+00,9.626e-01,0.000e+00,0.000e+00,9.013e-01,0.000e+00,0.000e+00,0.000e+00,8.039e-01,0.000e+00,0.000e+00,0.000e+00,9.633e-01,9.683e-01,0.000e+00,9.700e-01,0.000e+00,8.843e-01,0.000e+00,9.827e-01,0.000e+00,0.000e+00,1.968e-02,9.343e-01,0.000e+00,9.713e-01,9.426e-01,9.296e-01,9.680e-01,0.000e+00,1.201e-02,0.000e+00,3.336e-03,9.673e-03,0.000e+00,7.822e-01,9.993e-01,9.980e-01,9.950e-01,9.963e-01,9.997e-01,9.950e-01,9.930e-01,9.800e-01,9.973e-01,9.943e-01,9.800e-01,9.880e-01,9.993e-01,9.973e-01,9.850e-01,9.706e-01,9.930e-01,0.000e+00,2.568e-02,9.783e-01,0.000e+00,0.000e+00,1.634e-02,0.000e+00,1.501e-02,0.000e+00,1.734e-02,1.301e-02,0.000e+00,0.000e+00,0.000e+00,0.000e+00,3.669e-03,0.000e+00,0.000e+00,0.000e+00,0.000e+00,0.000e+00,0.000e+00,1.134e-02,1.668e-03,0.000e+00,0.000e+00,0.000e+00,9.930e-01,1.668e-03,1.134e-02,3.336e-03,1.001e-03,0.000e+00,0.000e+00,1.001e-03,9.920e-01,0.000e+00,8.806e-02,0.000e+00,0.000e+00,0.000e+00,0.000e+00,9.583e-01,0.000e+00,0.000e+00,3.002e-03,4.336e-03,0.000e+00,0.000e+00,0.000e+00,8.005e-03,0.000e+00,0.000e+00,3.936e-02,9.807e-01,1.034e-02,0.000e+00,9.183e-01,0.000e+00,0.000e+00,1.001e-03,0.000e+00,9.686e-01
1.000e+00,1.000e+00,9.982e-01,9.957e-01,1.000e+00,9.993e-01,1.000e+00,9.942e-01,1.000e+00,1.000e+00,9.996e-01,9.949e-01,9.993e-01,1.000e+00,9.975e-01,9.903e-01,9.996e-01,9.986e-01,9.971e-01,9.986e-01,1.000e+00,9.975e-01,9.978e-01,9.931e-01,9.993e-01,1.000e+00,9.996e-01,9.986e-01,9.996e-01,9.989e-01,9.986e-01,9.931e-01,9.993e-01,9.982e-01,9.978e-01,9.957e-01,1.000e+00,9.996e-01,9.989e-01,9.975e-01,9.986e-01,9.978e-01,9.957e-01,1.000e+00,1.000e+00,9.993e-01,9.996e-01,9.949e-01,1.000e+00,9.978e-01,9.960e-01,9.996e-01,9.996e-01,9.993e-01,9.888e-01,9.968e-01,9.939e-01,6.453e-01,3.609e-04,9.700e-01,0.000e+00,0.000e+00,6.712e-02,1.083e-03,0.000e+00,0.000e+00,0.000e+00,0.000e+00,0.000e+00,7.218e-04,9.794e-01,0.000e+00,1.877e-02,1.949e-02,0.000e+00,9.603e-01,0.000e+00,0.000e+00,9.895e-01,0.000e+00,0.000e+00,1.090e-01,2.887e-03,0.000e+00,0.000e+00,1.444e-03,0.000e+00,0.000e+00,0.000e+00,0.000e+00,0.000e+00,9.877e-01,3.609e-04,1.480e-02,5.641e-01,4.078e-02,3.248e-03,0.000e+00,6.279e-02,0.000e+00,9.394e-01,0.000e+00,0.000e+00,0.000e+00,5.052e-03,1.768e-02,3.623e-01,0.000e+00,3.609e-04,0.000e+00,9.744e-03,0.000e+00,3.609e-04,9.834e-01,0.000e+00,5.774e-03,3.609e-04,3.609e-04,0.000e+00,1.299e-02,0.000e+00,6.380e-01,5.052e-03,0.000e+00,0.000e+00,6.182e-01,0.000e+00,0.000e+00,9.405e-01,0.000e+00,0.000e+00,0.000e+00,6.384e-01,3.970e-03,2.093e-02,1.083e-03,8.188e-01,9.899e-01,0.000e+00,9.769e-01,9.022e-03,6.857e-01,0.000e+00,9.845e-01,7.218e-04,5.052e-03,0.000e+00,3.288e-01,0.000e+00,9.275e-01,9.646e-01,6.204e-01,9.830e-01,0.000e+00,0.000e+00,1.840e-02,0.000e+00,1.804e-03,0.000e+00,9.798e-01,9.964e-01,9.885e-01,9.845e-01,9.809e-01,9.989e-01,9.996e-01,9.899e-01,9.971e-01,9.960e-01,9.975e-01,9.798e-01,9.820e-01,9.986e-01,9.978e-01,9.841e-01,9.682e-01,9.996e-01,1.837e-01,3.399e-01,9.895e-01,0.000e+00,6.135e-03,1.010e-02,0.000e+00,0.000e+00,0.000e+00,2.165e-03,0.000e+00,0.000e+00,2.526e-03,0.000e+00,0.000e+00,0.000e+00,8.300e-03,0.000e+00,0.000e+00,8.661e-03,5.413e-03,0.000e+00,5.810e-02,2.887e-03,2.346e-02,0.000e+00,0.000e+00,9.870e-01,0.000e+00,1.083e-03,3.609e-03,0.000e+00,2.129e-02,0.000e+00,0.000e+00,9.704e-01,0.000e+00,1.444e-03,3.609e-04,0.000e+00,0.000e+00,5.052e-03,9.686e-01,3.609e-04,3.609e-04,0.000e+00,0.000e+00,0.000e+00,5.774e-03,0.000e+00,1.768e-02,0.000e+00,7.939e-03,7.218e-04,8.910e-01,3.277e-01,0.000e+00,9.571e-01,0.000e+00,0.000e+00,1.083e-03,7.759e-02,9.765e-01
9.994e-01,9.997e-01,9.978e-01,9.910e-01,1.000e+00,9.997e-01,9.981e-01,9.882e-01,1.000e+00,9.991e-01,9.997e-01,9.953e-01,1.000e+00,9.997e-01,9.960e-01,9.935e-01,9.991e-01,9.997e-01,9.988e-01,9.997e-01,9.988e-01,9.994e-01,9.988e-01,9.972e-01,9.975e-01,9.997e-01,9.991e-01,9.966e-01,9.994e-01,9.988e-01,9.969e-01,1.000e+00,1.000e+00,9.969e-01,9.981e-01,9.997e-01,9.994e-01,1.000e+00,1.000e+00,9.994e-01,9.997e-01,9.997e-01,9.978e-01,9.997e-01,1.000e+00,9.997e-01,9.981e-01,9.801e-01,9.997e-01,9.972e-01,9.994e-01,9.963e-01,9.988e-01,9.997e-01,9.907e-01,9.910e-01,9.991e-01,9.960e-01,0.000e+00,9.751e-01,5.851e-02,0.000e+00,0.000e+00,0.000e+00,0.000e+00,3.112e-04,0.000e+00,4.482e-02,1.581e-01,0.000e+00,9.144e-01,0.000e+00,4.420e-02,0.000e+00,6.847e-03,6.626e-01,0.000e+00,1.867e-03,9.499e-01,0.000e+00,4.326e-02,0.000e+00,6.225e-04,2.533e-01,0.000e+00,0.000e+00,0.000e+00,0.000e+00,0.000e+00,3.112e-04,7.158e-03,9.642e-01,0.000e+00,0.000e+00,9.735e-01,3.579e-02,3.112e-04,0.000e+00,6.225e-04,0.000e+00,9.701e-01,4.046e-03,6.536e-03,7.158e-03,3.112e-02,1.556e-03,0.000e+00,0.000e+00,0.000e+00,0.000e+00,0.000e+00,0.000e+00,0.000e+00,9.343e-01,0.000e+00,0.000e+00,1.401e-02,1.089e-02,0.000e+00,7.158e-03,0.000e+00,7.868e-01,6.536e-02,0.000e+00,9.337e-04,9.717e-01,6.225e-04,3.112e-04,7.884e-01,3.112e-04,0.000e+00,9.991e-02,7.731e-01,5.913e-03,0.000e+00,0.000e+00,9.085e-01,8.270e-01,0.000e+00,9.630e-01,0.000e+00,0.000e+00,0.000e+00,9.941e-01,0.000e+00,0.000e+00,0.000e+00,6.225e-04,0.000e+00,9.679e-01,6.645e-01,9.801e-01,8.845e-01,0.000e+00,0.000e+00,0.000e+00,0.000e+00,0.000e+00,0.000e+00,8.531e-01,9.978e-01,9.997e-01,9.960e-01,9.493e-01,9.978e-01,9.972e-01,9.991e-01,9.894e-01,9.984e-01,9.904e-01,9.757e-01,9.860e-01,9.988e-01,9.969e-01,9.876e-01,9.910e-01,9.963e-01,9.994e-01,0.000e+00,9.810e-01,5.291e-03,0.000e+00,1.357e-01,0.000e+00,0.000e+00,0.000e+00,3.112e-04,0.000e+00,0.000e+00,6.225e-04,3.112e-04,0.000e+00,5.913e-03,3.112e-04,4.793e-02,0.000e+00,0.000e+00,0.000e+00,0.000e+00,0.000e+00,3.112e-04,1.958e-01,0.000e+00,0.000e+00,8.839e-01,1.183e-02,7.781e-03,1.245e-03,0.000e+00,0.000e+00,1.183e-02,0.000e+00,9.869e-01,0.000e+00,1.152e-02,1.556e-03,3.112e-04,7.470e-03,0.000e+00,9.082e-01,3.112e-04,1.867e-03,0.000e+00,0.000e+00,1.245e-03,0.000e+00,1.556e-03,0.000e+00,3.112e-04,3.112e-04,0.000e+00,9.178e-01,2.428e-02,0.000e+00,9.007e-01,0.000e+00,1.245e-03,0.000e+00,0.000e+00,9.514e-01
9.987e-01,1.000e+00,9.997e-01,9.975e-01,1.000e+00,1.000e+00,1.000e+00,1.000e+00,9.997e-01,9.987e-01,9.978e-01,9.971e-01,9.997e-01,9.990e-01,9.933e-01,9.956e-01,1.000e+00,1.000e+00,9.997e-01,9.949e-01,9.997e-01,1.000e+00,9.997e-01,9.943e-01,9.997e-01,9.997e-01,1.000e+00,9.962e-01,9.994e-01,9.984e-01,9.978e-01,9.997e-01,9.997e-01,9.990e-01,9.990e-01,9.952e-01,1.000e+00,9.997e-01,9.994e-01,9.971e-01,9.990e-01,9.984e-01,9.971e-01,9.990e-01,9.981e-01,9.987e-01,9.975e-01,9.949e-01,1.000e+00,9.946e-01,9.990e-01,9.778e-01,9.990e-01,9.908e-01,9.914e-01,9.711e-01,9.962e-01,9.949e-01,0.000e+00,9.968e-01,6.347e-04,9.299e-02,0.000e+00,0.000e+00,0.000e+00,3.078e-02,0.000e+00,0.000e+00,2.539e-03,0.000e+00,9.149e-01,0.000e+00,0.000e+00,1.460e-02,4.824e-02,3.304e-01,0.000e+00,0.000e+00,9.518e-01,0.000e+00,0.000e+00,1.888e-01,0.000e+00,0.000e+00,0.000e+00,0.000e+00,3.174e-04,0.000e+00,0.000e+00,1.612e-01,5.712e-03,9.965e-01,0.000e+00,0.000e+00,9.381e-01,2.158e-02,0.000e+00,0.000e+00,3.174e-04,0.000e+00,9.251e-01,0.000e+00,0.000e+00,9.521e-04,0.000e+00,0.000e+00,0.000e+00,4.348e-02,0.000e+00,1.904e-03,2.539e-03,1.904e-02,0.000e+00,9.000e-01,3.174e-04,0.000e+00,3.005e-01,0.000e+00,0.000e+00,0.000e+00,7.617e-03,6.785e-01,0.000e+00,6.347e-03,0.000e+00,8.753e-01,0.000e+00,0.000e+00,6.236e-01,0.000e+00,1.587e-03,9.045e-02,9.743e-01,6.347e-04,0.000e+00,6.347e-04,8.162e-01,6.204e-01,0.000e+00,9.460e-01,0.000e+00,8.886e-03,3.174e-04,9.334e-01,0.000e+00,1.587e-03,1.841e-02,0.000e+00,1.587e-03,7.645e-01,9.499e-01,6.614e-01,5.379e-01,0.000e+00,1.016e-02,4.475e-02,3.808e-03,0.000e+00,2.222e-03,9.473e-01,1.000e+00,1.000e+00,9.968e-01,9.851e-01,9.933e-01,9.971e-01,9.943e-01,9.940e-01,9.981e-01,9.772e-01,9.759e-01,9.917e-01,9.930e-01,9.908e-01,9.956e-01,9.765e-01,9.994e-01,9.975e-01,4.411e-02,9.762e-01,6.347e-04,0.000e+00,3.228e-01,0.000e+00,0.000e+00,1.714e-02,2.691e-01,0.000e+00,0.000e+00,3.174e-04,0.000e+00,0.000e+00,1.269e-03,0.000e+00,0.000e+00,7.617e-03,0.000e+00,3.491e-03,0.000e+00,3.174e-04,0.000e+00,9.521e-04,2.942e-01,0.000e+00,9.952e-01,0.000e+00,5.712e-03,1.079e-02,0.000e+00,0.000e+00,0.000e+00,0.000e+00,8.772e-01,0.000e+00,6.665e-03,0.000e+00,0.000e+00,3.174e-04,0.000e+00,9.330e-01,0.000e+00,0.000e+00,3.935e-02,0.000e+00,0.000e+00,0.000e+00,0.000e+00,0.000e+00,1.025e-01,0.000e+00,4.475e-02,9.705e-01,0.000e+00,0.000e+00,7.839e-01,1.269e-03,2.539e-02,0.000e+00,0.000e+00,8.302e-01
9.993e-01,9.983e-01,1.000e+00,9.918e-01,9.993e-01,1.000e+00,9.986e-01,9.986e-01,1.000e+00,1.000e+00,9.997e-01,9.990e-01,1.000e+00,9.990e-01,1.000e+00,9.966e-01,1.000e+00,1.000e+00,9.979e-01,9.993e-01,1.000e+00,9.979e-01,9.969e-01,9.979e-01,9.997e-01,9.993e-01,9.993e-01,9.932e-01,9.997e-01,1.000e+00,9.997e-01,9.973e-01,1.000e+00,9.979e-01,9.962e-01,9.911e-01,9.986e-01,9.997e-01,9.983e-01,9.969e-01,1.000e+00,9.983e-01,9.942e-01,9.921e-01,9.997e-01,9.979e-01,9.962e-01,9.966e-01,9.997e-01,9.997e-01,9.976e-01,9.904e-01,1.000e+00,9.990e-01,9.778e-01,9.870e-01,9.990e-01,9.856e-01,3.840e-01,9.986e-01,5.852e-02,3.765e-03,0.000e+00,0.000e+00,8.658e-02,0.000e+00,5.476e-03,0.000e+00,0.000e+00,0.000e+00,8.258e-01,0.000e+00,1.027e-03,0.000e+00,4.073e-02,2.019e-02,0.000e+00,0.000e+00,9.600e-01,1.064e-01,0.000e+00,0.000e+00,0.000e+00,4.107e-03,0.000e+00,8.556e-03,2.738e-02,0.000e+00,6.502e-03,3.638e-01,0.000e+00,9.726e-01,0.000e+00,0.000e+00,9.559e-01,0.000e+00,0.000e+00,1.027e-03,1.711e-03,3.422e-04,5.510e-01,0.000e+00,3.525e-02,0.000e+00,0.000e+00,0.000e+00,0.000e+00,1.027e-03,0.000e+00,7.084e-02,0.000e+00,0.000e+00,1.266e-02,9.863e-01,3.422e-04,0.000e+00,3.285e-01,0.000e+00,9.925e-03,0.000e+00,1.916e-02,5.424e-01,1.916e-02,6.845e-04,0.000e+00,9.956e-01,0.000e+00,0.000e+00,4.596e-01,0.000e+00,1.006e-01,6.845e-04,9.897e-01,2.635e-02,5.476e-03,0.000e+00,2.909e-01,4.302e-01,0.000e+00,7.950e-01,0.000e+00,6.845e-04,1.027e-03,7.187e-01,0.000e+00,0.000e+00,0.000e+00,3.422e-04,1.780e-02,5.260e-01,9.500e-01,5.907e-01,8.819e-01,0.000e+00,1.711e-03,6.845e-04,0.000e+00,2.053e-03,1.188e-01,9.956e-01,9.973e-01,1.000e+00,9.784e-01,9.798e-01,1.000e+00,9.966e-01,9.836e-01,9.986e-01,9.993e-01,9.993e-01,1.000e+00,9.446e-01,9.829e-01,9.825e-01,9.990e-01,9.904e-01,1.000e+00,9.976e-01,5.585e-01,9.921e-01,0.000e+00,1.027e-03,3.457e-02,9.925e-03,2.738e-03,2.053e-03,5.496e-01,0.000e+00,3.080e-03,0.000e+00,5.476e-03,0.000e+00,5.133e-03,4.791e-03,0.000e+00,1.010e-01,1.027e-03,0.000e+00,0.000e+00,1.711e-02,0.000e+00,3.422e-04,4.620e-02,5.373e-02,9.956e-01,0.000e+00,2.704e-02,5.476e-03,0.000e+00,6.982e-02,0.000e+00,0.000e+00,5.996e-01,2.977e-02,5.099e-02,2.396e-02,3.422e-04,0.000e+00,1.027e-03,4.028e-01,0.000e+00,0.000e+00,0.000e+00,0.000e+00,0.000e+00,1.496e-01,0.000e+00,5.818e-03,0.000e+00,0.000e+00,0.000e+00,9.856e-01,1.027e-03,0.000e+00,5.873e-01,1.677e-02,6.845e-04,6.845e-04,0.000e+00,8.587e-01
1.000e+00,9.996e-01,9.979e-01,9.843e-01,1.000e+00,9.996e-01,9.968e-01,9.925e-01,1.000e+00,9.996e-01,9.979e-01,9.968e-01,9.996e-01,9.996e-01,9.982e-01,9.914e-01,1.000e+00,1.000e+00,9.968e-01,9.982e-01,9.996e-01,9.986e-01,9.986e-01,9.986e-01,9.996e-01,1.000e+00,9.996e-01,9.986e-01,1.000e+00,9.968e-01,9.993e-01,9.964e-01,1.000e+00,9.989e-01,9.993e-01,9.979e-01,9.989e-01,9.996e-01,9.968e-01,9.979e-01,9.996e-01,9.993e-01,9.975e-01,9.911e-01,9.996e-01,9.989e-01,9.971e-01,1.000e+00,1.000e+00,9.996e-01,9.979e-01,9.954e-01,1.000e+00,9.982e-01,9.986e-01,9.950e-01,9.986e-01,9.982e-01,3.009e-01,9.504e-01,9.840e-02,0.000e+00,0.000e+00,0.000e+00,0.000e+00,0.000e+00,5.455e-02,3.565e-04,1.426e-03,3.565e-04,5.098e-01,0.000e+00,0.000e+00,0.000e+00,0.000e+00,0.000e+00,1.783e-03,0.000e+00,9.519e-01,6.417e-02,7.130e-04,0.000e+00,0.000e+00,0.000e+00,1.783e-03,0.000e+00,0.000e+00,0.000e+00,3.262e-01,1.622e-01,0.000e+00,9.048e-01,0.000e+00,1.070e-03,9.005e-01,3.565e-03,2.139e-03,3.565e-04,0.000e+00,0.000e+00,1.169e-01,0.000e+00,3.565e-04,0.000e+00,3.258e-01,2.745e-02,0.000e+00,0.000e+00,1.676e-02,0.000e+00,2.139e-03,1.925e-02,1.426e-03,9.030e-01,0.000e+00,6.453e-02,7.729e-01,0.000e+00,3.565e-04,0.000e+00,0.000e+00,8.096e-01,0.000e+00,0.000e+00,0.000e+00,9.783e-01,0.000e+00,0.000e+00,2.232e-01,3.565e-04,8.913e-02,3.565e-04,9.889e-01,5.455e-02,0.000e+00,2.496e-03,3.815e-02,1.629e-01,5.241e-02,8.756e-01,0.000e+00,0.000e+00,1.248e-02,9.405e-01,0.000e+00,0.000e+00,0.000e+00,2.175e-02,3.565e-03,6.877e-01,9.964e-01,7.954e-01,7.066e-01,4.848e-02,2.139e-03,3.030e-02,0.000e+00,3.565e-04,6.239e-02,7.504e-01,9.989e-01,9.879e-01,9.986e-01,9.964e-01,1.000e+00,9.943e-01,9.761e-01,9.868e-01,9.996e-01,9.996e-01,9.918e-01,9.982e-01,9.911e-01,9.961e-01,9.971e-01,9.975e-01,9.947e-01,9.954e-01,8.317e-01,9.979e-01,3.565e-03,4.314e-02,1.070e-03,1.248e-02,2.478e-01,1.070e-03,8.292e-01,0.000e+00,0.000e+00,0.000e+00,2.139e-03,0.000e+00,0.000e+00,0.000e+00,0.000e+00,6.881e-02,0.000e+00,0.000e+00,0.000e+00,0.000e+00,7.130e-04,1.889e-02,0.000e+00,6.734e-01,8.742e-01,0.000e+00,0.000e+00,1.070e-02,3.565e-04,6.453e-02,0.000e+00,0.000e+00,1.561e-01,5.490e-02,0.000e+00,0.000e+00,7.130e-04,4.278e-02,7.130e-04,1.512e-01,0.000e+00,0.000e+00,0.000e+00,0.000e+00,1.176e-02,1.533e-02,0.000e+00,0.000e+00,1.070e-03,2.496e-03,2.852e-03,9.594e-01,0.000e+00,7.130e-04,9.219e-01,9.982e-02,1.426e-03,0.000e+00,0.000e+00,7.412e-01
9.997e-01,1.000e+00,9.987e-01,9.946e-01,1.000e+00,9.997e-01,9.953e-01,9.981e-01,1.000e+00,9.968e-01,9.997e-01,9.899e-01,1.000e+00,9.984e-01,9.968e-01,9.965e-01,1.000e+00,9.997e-01,9.968e-01,9.994e-01,9.997e-01,1.000e+00,1.000e+00,9.953e-01,9.994e-01,9.994e-01,9.987e-01,9.934e-01,9.994e-01,1.000e+00,9.953e-01,9.981e-01,1.000e+00,1.000e+00,9.968e-01,9.972e-01,9.994e-01,9.997e-01,9.965e-01,9.943e-01,9.994e-01,1.000e+00,1.000e+00,9.911e-01,9.994e-01,9.997e-01,9.994e-01,9.994e-01,9.997e-01,9.991e-01,9.965e-01,9.930e-01,9.981e-01,9.994e-01,9.915e-01,9.962e-01,9.962e-01,9.981e-01,9.905e-01,9.668e-01,3.167e-04,0.000e+00,0.000e+00,9.500e-04,1.393e-02,4.338e-02,1.900e-02,2.787e-02,1.267e-03,2.217e-03,0.000e+00,0.000e+00,0.000e+00,0.000e+00,0.000e+00,0.000e+00,0.000e+00,8.803e-02,7.201e-01,0.000e+00,9.880e-02,3.103e-02,1.203e-02,0.000e+00,0.000e+00,0.000e+00,9.500e-04,6.966e-03,9.202e-01,0.000e+00,6.333e-04,9.737e-01,8.233e-03,3.167e-04,8.847e-01,0.000e+00,3.167e-04,1.583e-03,0.000e+00,0.000e+00,0.000e+00,7.283e-03,3.167e-04,0.000e+00,9.151e-01,0.000e+00,0.000e+00,0.000e+00,8.233e-03,1.799e-01,1.140e-02,2.217e-03,0.000e+00,9.098e-01,3.483e-03,1.267e-03,9.417e-01,1.583e-03,0.000e+00,0.000e+00,7.283e-03,9.797e-01,0.000e+00,0.000e+00,6.650e-03,6.472e-01,0.000e+00,0.000e+00,0.000e+00,0.000e+00,0.000e+00,1.140e-02,8.724e-01,2.153e-02,1.355e-01,0.000e+00,3.167e-04,8.233e-03,0.000e+00,7.885e-01,6.333e-04,0.000e+00,0.000e+00,7.179e-01,0.000e+00,3.768e-02,3.167e-03,0.000e+00,2.565e-02,9.858e-01,8.607e-01,9.845e-01,0.000e+00,0.000e+00,1.488e-02,9.500e-04,0.000e+00,3.167e-04,0.000e+00,9.851e-01,9.984e-01,9.962e-01,9.788e-01,9.699e-01,1.000e+00,9.940e-01,9.848e-01,9.820e-01,9.873e-01,9.972e-01,9.788e-01,9.259e-01,9.975e-01,9.905e-01,9.940e-01,9.810e-01,9.972e-01,9.972e-01,9.943e-01,9.861e-01,0.000e+00,0.000e+00,0.000e+00,0.000e+00,8.331e-01,4.687e-02,8.781e-01,0.000e+00,0.000e+00,0.000e+00,2.217e-03,0.000e+00,1.457e-02,0.000e+00,1.520e-02,0.000e+00,0.000e+00,5.478e-02,4.497e-02,2.185e-02,6.333e-04,5.700e-03,0.000e+00,9.636e-01,9.547e-01,0.000e+00,1.583e-03,4.592e-02,0.000e+00,1.583e-03,6.333e-03,0.000e+00,4.117e-03,0.000e+00,2.850e-03,0.000e+00,1.583e-03,0.000e+00,0.000e+00,1.583e-03,0.000e+00,0.000e+00,2.153e-02,0.000e+00,1.032e-01,5.066e-03,3.167e-04,0.000e+00,0.000e+00,3.160e-01,3.800e-03,8.904e-01,0.000e+00,0.000e+00,9.759e-01,6.016e-03,3.800e-02,2.850e-03,0.000e+00,9.218e-01
