1.590e+02,2.200e+01,1.300e+01,5.000e+00,6.000e+00,3.000e+00,3.000e+00,5.000e+00,1.000e+00,3.000e+00,2.000e+00,0.000e+00,2.000e+00,1.000e+00,1.000e+00,1.000e+00,2.000e+00,0.000e+00,3.000e+00,1.000e+00,0.000e+00,2.000e+00,0.000e+00,2.000e+00,0.000e+00,0.000e+00,0.000e+00,1.000e+00,0.000e+00,2.000e+00,0.000e+00,0.000e+00,0.000e+00,0.000e+00,0.000e+00,0.000e+00,0.000e+00,0.000e+00,0.000e+00,0.000e+00,0.000e+00,0.000e+00,0.000e+00,0.000e+00,0.000e+00,0.000e+00,0.000e+00,0.000e+00,0.000e+00,0.000e+00,0.000e+00,0.000e+00,0.000e+00,0.000e+00,0.000e+00,0.000e+00,0.000e+00,0.000e+00,0.000e+00,0.000e+00,0.000e+00,0.000e+00,0.000e+00,0.000e+00,0.000e+00,0.000e+00,0.000e+00,0.000e+00,0.000e+00,0.000e+00,0.000e+00,0.000e+00,0.000e+00,0.000e+00,0.000e+00,0.000e+00,0.000e+00,0.000e+00,0.000e+00,0.000e+00,0.000e+00,0.000e+00,0.000e+00,0.000e+00,0.000e+00,0.000e+00,0.000e+00,0.000e+00,0.000e+00,0.000e+00,0.000e+00,0.000e+00,0.000e+00,0.000e+00,0.000e+00,0.000e+00,0.000e+00,0.000e+00,0.000e+00,0.000e+00
1.480e+02,1.600e+01,1.400e+01,6.000e+00,3.000e+00,2.000e+00,7.000e+00,1.000e+00,3.000e+00,4.000e+00,2.000e+00,4.000e+00,1.000e+00,1.000e+00,1.000e+00,0.000e+00,1.000e+00,0.000e+00,3.000e+00,0.000e+00,0.000e+00,1.000e+00,0.000e+00,2.000e+00,1.000e+00,1.000e+00,0.000e+00,0.000e+00,0.000e+00,0.000e+00,2.000e+00,1.000e+00,1.000e+00,3.000e+00,3.000e+00,1.000e+00,1.000e+00,0.000e+00,0.000e+00,0.000e+00,2.000e+00,0.000e+00,0.000e+00,0.000e+00,0.000e+00,1.000e+00,0.000e+00,0.000e+00,1.000e+00,2.000e+00,0.000e+00,0.000e+00,0.000e+00,0.000e+00,0.000e+00,0.000e+00,0.000e+00,0.000e+00,0.000e+00,0.000e+00,0.000e+00,0.000e+00,0.000e+00,0.000e+00,0.000e+00,0.000e+00,0.000e+00,0.000e+00,0.000e+00,0.000e+00,0.000e+00,0.000e+00,0.000e+00,0.000e+00,0.000e+00,0.000e+00,0.000e+00,0.000e+00,0.000e+00,0.000e+00,0.000e+00,0.000e+00,0.000e+00,0.000e+00,0.000e+00,0.000e+00,0.000e+00,0.000e+00,0.000e+00,0.000e+00,0.000e+00,0.000e+00,0.000e+00,0.000e+00,0.000e+00,0.000e+00,0.000e+00,0.000e+00,0.000e+00,0.000e+00
1.690e+02,2.100e+01,8.000e+00,7.000e+00,5.000e+00,7.000e+00,4.000e+00,1.000e+00,0.000e+00,1.000e+00,2.000e+00,1.000e+00,2.000e+00,2.000e+00,0.000e+00,0.000e+00,0.000e+00,1.000e+00,1.000e+00,1.000e+00,0.000e+00,0.000e+00,0.000e+00,0.000e+00,0.000e+00,1.000e+00,0.000e+00,0.000e+00,0.000e+00,0.000e+00,0.000e+00,0.000e+00,0.000e+00,0.000e+00,0.000e+00,0.000e+00,0.000e+00,0.000e+00,1.000e+00,0.000e+00,0.000e+00,3.000e+00,0.000e+00,0.000e+00,1.000e+00,1.000e+00,0.000e+00,0.000e+00,0.000e+00,0.000e+00,0.000e+00,0.000e+00,0.000e+00,0.000e+00,0.000e+00,0.000e+00,0.000e+00,0.000e+00,0.000e+00,0.000e+00,0.000e+00,0.000e+00,0.000e+00,0.000e+00,0.000e+00,0.000e+00,0.000e+00,0.000e+00,0.000e+00,0.000e+00,0.000e+00,0.000e+00,0.000e+00,0.000e+00,0.000e+00,0.000e+00,0.000e+00,0.000e+00,0.000e+00,0.000e+00,0.000e+00,0.000e+00,0.000e+00,0.000e+00,0.000e+00,0.000e+00,0.000e+00,0.000e+00,0.000e+00,0.000e+00,0.000e+00,0.000e+00,0.000e+00,0.000e+00,0.000e+00,0.000e+00,0.000e+00,0.000e+00,0.000e+00,0.000e+00
1.620e+02,2.400e+01,9.000e+00,7.000e+00,5.000e+00,2.000e+00,1.000e+00,5.000e+00,4.000e+00,2.000e+00,0.000e+00,2.000e+00,2.000e+00,4.000e+00,2.000e+00,0.000e+00,0.000e+00,2.000e+00,3.000e+00,0.000e+00,1.000e+00,0.000e+00,0.000e+00,0.000e+00,0.000e+00,1.000e+00,0.000e+00,0.000e+00,0.000e+00,1.000e+00,0.000e+00,0.000e+00,0.000e+00,0.000e+00,0.000e+00,0.000e+00,0.000e+00,0.000e+00,0.000e+00,1.000e+00,0.000e+00,0.000e+00,0.000e+00,0.000e+00,0.000e+00,0.000e+00,0.000e+00,0.000e+00,0.000e+00,0.000e+00,0.000e+00,0.000e+00,0.000e+00,0.000e+00,0.000e+00,0.000e+00,0.000e+00,0.000e+00,0.000e+00,0.000e+00,0.000e+00,0.000e+00,0.000e+00,0.000e+00,0.000e+00,0.000e+00,0.000e+00,0.000e+00,0.000e+00,0.000e+00,0.000e+00,0.000e+00,0.000e+00,0.000e+00,0.000e+00,0.000e+00,0.000e+00,0.000e+00,0.000e+00,0.000e+00,0.000e+00,0.000e+00,0.000e+00,0.000e+00,0.000e+00,0.000e+00,0.000e+00,0.000e+00,0.000e+00,0.000e+00,0.000e+00,0.000e+00,0.000e+00,0.000e+00,0.000e+00,0.000e+00,0.000e+00,0.000e+00,0.000e+00,0.000e+00
1.610e+02,1.900e+01,9.000e+00,7.000e+00,4.000e+00,4.000e+00,3.000e+00,5.000e+00,1.000e+00,2.000e+00,0.000e+00,1.000e+00,1.000e+00,5.000e+00,1.000e+00,1.000e+00,0.000e+00,0.000e+00,0.000e+00,0.000e+00,2.000e+00,0.000e+00,0.000e+00,0.000e+00,0.000e+00,0.000e+00,1.000e+00,0.000e+00,0.000e+00,0.000e+00,1.000e+00,1.000e+00,1.000e+00,1.000e+00,0.000e+00,0.000e+00,1.000e+00,0.000e+00,7.000e+00,1.000e+00,0.000e+00,0.000e+00,0.000e+00,0.000e+00,0.000e+00,0.000e+00,0.000e+00,0.000e+00,0.000e+00,0.000e+00,0.000e+00,0.000e+00,0.000e+00,0.000e+00,0.000e+00,0.000e+00,0.000e+00,0.000e+00,0.000e+00,0.000e+00,0.000e+00,0.000e+00,0.000e+00,0.000e+00,0.000e+00,0.000e+00,0.000e+00,0.000e+00,0.000e+00,0.000e+00,0.000e+00,0.000e+00,0.000e+00,0.000e+00,0.000e+00,0.000e+00,0.000e+00,0.000e+00,0.000e+00,0.000e+00,0.000e+00,0.000e+00,0.000e+00,0.000e+00,0.000e+00,0.000e+00,0.000e+00,0.000e+00,0.000e+00,0.000e+00,0.000e+00,0.000e+00,0.000e+00,0.000e+00,0.000e+00,0.000e+00,0.000e+00,0.000e+00,0.000e+00,0.000e+00
1.620e+02,3.800e+01,6.000e+00,5.000e+00,5.000e+00,1.000e+00,2.000e+00,4.000e+00,1.000e+00,2.000e+00,0.000e+00,1.000e+00,3.000e+00,0.000e+00,1.000e+00,1.000e+00,1.000e+00,1.000e+00,0.000e+00,0.000e+00,0.000e+00,1.000e+00,2.000e+00,1.000e+00,0.000e+00,1.000e+00,0.000e+00,0.000e+00,0.000e+00,0.000e+00,0.000e+00,0.000e+00,0.000e+00,0.000e+00,0.000e+00,0.000e+00,0.000e+00,0.000e+00,0.000e+00,0.000e+00,0.000e+00,0.000e+00,0.000e+00,0.000e+00,0.000e+00,0.000e+00,0.000e+00,0.000e+00,1.000e+00,0.000e+00,0.000e+00,0.000e+00,0.000e+00,0.000e+00,0.000e+00,0.000e+00,0.000e+00,0.000e+00,0.000e+00,0.000e+00,0.000e+00,0.000e+00,0.000e+00,0.000e+00,0.000e+00,0.000e+00,0.000e+00,0.000e+00,0.000e+00,0.000e+00,0.000e+00,0.000e+00,0.000e+00,0.000e+00,0.000e+00,0.000e+00,0.000e+00,0.000e+00,0.000e+00,0.000e+00,0.000e+00,0.000e+00,0.000e+00,0.000e+00,0.000e+00,0.000e+00,0.000e+00,0.000e+00,0.000e+00,0.000e+00,0.000e+00,0.000e+00,0.000e+00,0.000e+00,0.000e+00,0.000e+00,0.000e+00,0.000e+00,0.000e+00,0.000e+00
1.640e+02,2.500e+01,6.000e+00,1.100e+01,7.000e+00,8.000e+00,2.000e+00,1.000e+00,1.000e+00,2.000e+00,3.000e+00,2.000e+00,0.000e+00,0.000e+00,0.000e+00,0.000e+00,1.000e+00,0.000e+00,0.000e+00,0.000e+00,1.000e+00,0.000e+00,2.000e+00,0.000e+00,1.000e+00,0.000e+00,0.000e+00,1.000e+00,0.000e+00,0.000e+00,0.000e+00,0.000e+00,0.000e+00,0.000e+00,0.000e+00,0.000e+00,0.000e+00,0.000e+00,0.000e+00,0.000e+00,1.000e+00,0.000e+00,0.000e+00,0.000e+00,0.000e+00,1.000e+00,0.000e+00,0.000e+00,0.000e+00,0.000e+00,0.000e+00,0.000e+00,0.000e+00,0.000e+00,0.000e+00,0.000e+00,0.000e+00,0.000e+00,0.000e+00,0.000e+00,0.000e+00,0.000e+00,0.000e+00,0.000e+00,0.000e+00,0.000e+00,0.000e+00,0.000e+00,0.000e+00,0.000e+00,0.000e+00,0.000e+00,0.000e+00,0.000e+00,0.000e+00,0.000e+00,0.000e+00,0.000e+00,0.000e+00,0.000e+00,0.000e+00,0.000e+00,0.000e+00,0.000e+00,0.000e+00,0.000e+00,0.000e+00,0.000e+00,0.000e+00,0.000e+00,0.000e+00,0.000e+00,0.000e+00,0.000e+00,0.000e+00,0.000e+00,0.000e+00,0.000e+00,0.000e+00,0.000e+00
1.630e+02,2.500e+01,1.100e+01,7.000e+00,1.000e+00,3.000e+00,2.000e+00,5.000e+00,0.000e+00,1.000e+00,2.000e+00,1.000e+00,2.000e+00,2.000e+00,3.000e+00,1.000e+00,1.000e+00,1.000e+00,1.000e+00,2.000e+00,0.000e+00,1.000e+00,1.000e+00,0.000e+00,0.000e+00,0.000e+00,0.000e+00,0.000e+00,0.000e+00,0.000e+00,0.000e+00,1.000e+00,0.000e+00,0.000e+00,1.000e+00,0.000e+00,0.000e+00,0.000e+00,0.000e+00,0.000e+00,1.000e+00,0.000e+00,0.000e+00,0.000e+00,0.000e+00,0.000e+00,1.000e+00,0.000e+00,0.000e+00,0.000e+00,0.000e+00,0.000e+00,0.000e+00,0.000e+00,0.000e+00,0.000e+00,0.000e+00,0.000e+00,0.000e+00,0.000e+00,0.000e+00,0.000e+00,0.000e+00,0.000e+00,0.000e+00,0.000e+00,0.000e+00,0.000e+00,0.000e+00,0.000e+00,0.000e+00,0.000e+00,0.000e+00,0.000e+00,0.000e+00,0.000e+00,0.000e+00,0.000e+00,0.000e+00,0.000e+00,0.000e+00,0.000e+00,0.000e+00,0.000e+00,0.000e+00,0.000e+00,0.000e+00,0.000e+00,0.000e+00,0.000e+00,0.000e+00,0.000e+00,0.000e+00,0.000e+00,0.000e+00,0.000e+00,0.000e+00,0.000e+00,0.000e+00,0.000e+00
1.540e+02,2.100e+01,1.100e+01,6.000e+00,6.000e+00,3.000e+00,1.000e+00,5.000e+00,2.000e+00,1.000e+00,0.000e+00,2.000e+00,1.000e+00,1.000e+00,0.000e+00,2.000e+00,1.000e+00,1.000e+00,1.000e+00,1.000e+00,0.000e+00,2.000e+00,1.000e+00,2.000e+00,1.000e+00,0.000e+00,4.000e+00,1.000e+00,1.000e+00,0.000e+00,0.000e+00,1.000e+00,0.000e+00,0.000e+00,1.000e+00,0.000e+00,0.000e+00,1.000e+00,0.000e+00,0.000e+00,1.000e+00,1.000e+00,0.000e+00,0.000e+00,0.000e+00,0.000e+00,0.000e+00,0.000e+00,0.000e+00,2.000e+00,1.000e+00,0.000e+00,0.000e+00,0.000e+00,0.000e+00,0.000e+00,0.000e+00,0.000e+00,0.000e+00,0.000e+00,0.000e+00,0.000e+00,0.000e+00,0.000e+00,0.000e+00,0.000e+00,0.000e+00,0.000e+00,0.000e+00,0.000e+00,0.000e+00,0.000e+00,0.000e+00,0.000e+00,0.000e+00,0.000e+00,0.000e+00,0.000e+00,0.000e+00,0.000e+00,0.000e+00,0.000e+00,0.000e+00,0.000e+00,0.000e+00,0.000e+00,0.000e+00,0.000e+00,0.000e+00,0.000e+00,0.000e+00,0.000e+00,0.000e+00,0.000e+00,0.000e+00,0.000e+00,0.000e+00,0.000e+00,0.000e+00,0.000e+00
1.560e+02,2.200e+01,5.000e+00,0.000e+00,2.000e+00,2.000e+00,0.000e+00,3.000e+00,2.000e+00,1.000e+00,4.000e+00,1.000e+00,3.000e+00,2.000e+00,5.000e+00,1.000e+00,4.000e+00,0.000e+00,2.000e+00,0.000e+00,3.000e+00,0.000e+00,0.000e+00,1.000e+00,1.000e+00,1.000e+00,1.000e+00,4.000e+00,1.000e+00,0.000e+00,0.000e+00,1.000e+00,1.000e+00,0.000e+00,0.000e+00,1.000e+00,2.000e+00,1.000e+00,1.000e+00,1.000e+00,0.000e+00,1.000e+00,1.000e+00,0.000e+00,1.000e+00,1.000e+00,0.000e+00,0.000e+00,0.000e+00,0.000e+00,1.000e+00,0.000e+00,0.000e+00,0.000e+00,0.000e+00,0.000e+00,0.000e+00,0.000e+00,0.000e+00,0.000e+00,0.000e+00,0.000e+00,0.000e+00,0.000e+00,0.000e+00,0.000e+00,0.000e+00,0.000e+00,0.000e+00,0.000e+00,0.000e+00,0.000e+00,0.000e+00,0.000e+00,0.000e+00,0.000e+00,0.000e+00,0.000e+00,0.000e+00,0.000e+00,0.000e+00,0.000e+00,0.000e+00,0.000e+00,0.000e+00,0.000e+00,0.000e+00,0.000e+00,0.000e+00,0.000e+00,0.000e+00,0.000e+00,0.000e+00,0.000e+00,0.000e+00,0.000e+00,0.000e+00,0.000e+00,0.000e+00,0.000e+00
1.550e+02,1.600e+01,6.000e+00,1.000e+01,3.000e+00,3.000e+00,4.000e+00,0.000e+00,1.000e+00,0.000e+00,1.000e+00,2.000e+00,0.000e+00,2.000e+00,1.000e+00,0.000e+00,1.000e+00,0.000e+00,2.000e+00,2.000e+00,2.000e+00,4.000e+00,2.000e+00,0.000e+00,0.000e+00,0.000e+00,3.000e+00,1.000e+00,0.000e+00,0.000e+00,0.000e+00,0.000e+00,0.000e+00,0.000e+00,0.000e+00,0.000e+00,0.000e+00,3.000e+00,0.000e+00,2.000e+00,2.000e+00,1.000e+00,0.000e+00,1.000e+00,0.000e+00,2.000e+00,2.000e+00,0.000e+00,3.000e+00,1.000e+00,2.000e+00,0.000e+00,0.000e+00,0.000e+00,0.000e+00,0.000e+00,0.000e+00,0.000e+00,0.000e+00,0.000e+00,0.000e+00,0.000e+00,0.000e+00,0.000e+00,0.000e+00,0.000e+00,0.000e+00,0.000e+00,0.000e+00,0.000e+00,0.000e+00,0.000e+00,0.000e+00,0.000e+00,0.000e+00,0.000e+00,0.000e+00,0.000e+00,0.000e+00,0.000e+00,0.000e+00,0.000e+00,0.000e+00,0.000e+00,0.000e+00,0.000e+00,0.000e+00,0.000e+00,0.000e+00,0.000e+00,0.000e+00,0.000e+00,0.000e+00,0.000e+00,0.000e+00,0.000e+00,0.000e+00,0.000e+00,0.000e+00,0.000e+00
1.410e+02,1.900e+01,9.000e+00,4.000e+00,9.000e+00,2.000e+00,2.000e+00,3.000e+00,3.000e+00,1.000e+00,0.000e+00,2.000e+00,1.000e+00,3.000e+00,1.000e+00,3.000e+00,4.000e+00,2.000e+00,1.000e+00,1.000e+00,1.000e+00,1.000e+00,1.000e+00,0.000e+00,0.000e+00,0.000e+00,1.000e+00,0.000e+00,2.000e+00,1.000e+00,2.000e+00,1.000e+00,0.000e+00,1.000e+00,1.000e+00,1.000e+00,2.000e+00,0.000e+00,2.000e+00,1.000e+00,1.000e+00,3.000e+00,0.000e+00,4.000e+00,1.000e+00,0.000e+00,1.000e+00,0.000e+00,1.000e+00,0.000e+00,0.000e+00,0.000e+00,0.000e+00,0.000e+00,0.000e+00,0.000e+00,0.000e+00,0.000e+00,0.000e+00,0.000e+00,0.000e+00,0.000e+00,0.000e+00,0.000e+00,0.000e+00,0.000e+00,0.000e+00,0.000e+00,0.000e+00,0.000e+00,0.000e+00,0.000e+00,0.000e+00,0.000e+00,0.000e+00,0.000e+00,0.000e+00,0.000e+00,0.000e+00,0.000e+00,0.000e+00,0.000e+00,0.000e+00,0.000e+00,0.000e+00,0.000e+00,0.000e+00,0.000e+00,0.000e+00,0.000e+00,0.000e+00,0.000e+00,0.000e+00,0.000e+00,0.000e+00,0.000e+00,0.000e+00,0.000e+00,0.000e+00,0.000e+00
1.340e+02,2.100e+01,1.100e+01,5.000e+00,3.000e+00,6.000e+00,1.100e+01,6.000e+00,1.000e+00,2.000e+00,2.000e+00,6.000e+00,4.000e+00,1.000e+00,5.000e+00,0.000e+00,0.000e+00,2.000e+00,1.000e+00,1.000e+00,1.000e+00,2.000e+00,2.000e+00,0.000e+00,1.000e+00,0.000e+00,1.000e+00,0.000e+00,0.000e+00,0.000e+00,3.000e+00,1.000e+00,0.000e+00,1.000e+00,0.000e+00,1.000e+00,0.000e+00,1.000e+00,1.000e+00,0.000e+00,0.000e+00,0.000e+00,0.000e+00,1.000e+00,0.000e+00,0.000e+00,0.000e+00,0.000e+00,2.000e+00,0.000e+00,0.000e+00,0.000e+00,0.000e+00,0.000e+00,0.000e+00,0.000e+00,0.000e+00,0.000e+00,0.000e+00,0.000e+00,0.000e+00,0.000e+00,0.000e+00,0.000e+00,0.000e+00,0.000e+00,0.000e+00,0.000e+00,0.000e+00,0.000e+00,0.000e+00,0.000e+00,0.000e+00,0.000e+00,0.000e+00,0.000e+00,0.000e+00,0.000e+00,0.000e+00,0.000e+00,0.000e+00,0.000e+00,0.000e+00,0.000e+00,0.000e+00,0.000e+00,0.000e+00,0.000e+00,0.000e+00,0.000e+00,0.000e+00,0.000e+00,0.000e+00,0.000e+00,0.000e+00,0.000e+00,0.000e+00,0.000e+00,0.000e+00,0.000e+00
1.730e+02,3.200e+01,5.000e+00,9.000e+00,5.000e+00,3.000e+00,2.000e+00,2.000e+00,2.000e+00,0.000e+00,1.000e+00,1.000e+00,0.000e+00,0.000e+00,2.000e+00,1.000e+00,0.000e+00,0.000e+00,0.000e+00,0.000e+00,0.000e+00,0.000e+00,0.000e+00,0.000e+00,0.000e+00,0.000e+00,0.000e+00,1.000e+00,0.000e+00,0.000e+00,0.000e+00,0.000e+00,0.000e+00,0.000e+00,0.000e+00,0.000e+00,0.000e+00,0.000e+00,0.000e+00,0.000e+00,0.000e+00,0.000e+00,0.000e+00,0.000e+00,0.000e+00,1.000e+00,0.000e+00,0.000e+00,0.000e+00,0.000e+00,0.000e+00,0.000e+00,0.000e+00,0.000e+00,0.000e+00,0.000e+00,0.000e+00,0.000e+00,0.000e+00,0.000e+00,0.000e+00,0.000e+00,0.000e+00,0.000e+00,0.000e+00,0.000e+00,0.000e+00,0.000e+00,0.000e+00,0.000e+00,0.000e+00,0.000e+00,0.000e+00,0.000e+00,0.000e+00,0.000e+00,0.000e+00,0.000e+00,0.000e+00,0.000e+00,0.000e+00,0.000e+00,0.000e+00,0.000e+00,0.000e+00,0.000e+00,0.000e+00,0.000e+00,0.000e+00,0.000e+00,0.000e+00,0.000e+00,0.000e+00,0.000e+00,0.000e+00,0.000e+00,0.000e+00,0.000e+00,0.000e+00,0.000e+00
1.650e+02,2.400e+01,1.200e+01,9.000e+00,8.000e+00,2.000e+00,2.000e+00,2.000e+00,1.000e+00,0.000e+00,1.000e+00,0.000e+00,1.000e+00,0.000e+00,0.000e+00,0.000e+00,0.000e+00,0.000e+00,1.000e+00,1.000e+00,0.000e+00,0.000e+00,0.000e+00,0.000e+00,0.000e+00,0.000e+00,0.000e+00,0.000e+00,1.000e+00,0.000e+00,1.000e+00,0.000e+00,1.000e+00,0.000e+00,0.000e+00,0.000e+00,1.000e+00,0.000e+00,1.000e+00,0.000e+00,1.000e+00,1.000e+00,2.000e+00,0.000e+00,1.000e+00,0.000e+00,0.000e+00,0.000e+00,0.000e+00,1.000e+00,0.000e+00,0.000e+00,0.000e+00,0.000e+00,0.000e+00,0.000e+00,0.000e+00,0.000e+00,0.000e+00,0.000e+00,0.000e+00,0.000e+00,0.000e+00,0.000e+00,0.000e+00,0.000e+00,0.000e+00,0.000e+00,0.000e+00,0.000e+00,0.000e+00,0.000e+00,0.000e+00,0.000e+00,0.000e+00,0.000e+00,0.000e+00,0.000e+00,0.000e+00,0.000e+00,0.000e+00,0.000e+00,0.000e+00,0.000e+00,0.000e+00,0.000e+00,0.000e+00,0.000e+00,0.000e+00,0.000e+00,0.000e+00,0.000e+00,0.000e+00,0.000e+00,0.000e+00,0.000e+00,0.000e+00,0.000e+00,0.000e+00,0.000e+00
1.750e+02,1.900e+01,9.000e+00,3.000e+00,6.000e+00,5.000e+00,2.000e+00,5.000e+00,1.000e+00,1.000e+00,0.000e+00,1.000e+00,1.000e+00,1.000e+00,0.000e+00,1.000e+00,1.000e+00,0.000e+00,1.000e+00,0.000e+00,1.000e+00,0.000e+00,1.000e+00,1.000e+00,1.000e+00,0.000e+00,0.000e+00,2.000e+00,0.000e+00,0.000e+00,0.000e+00,0.000e+00,1.000e+00,1.000e+00,0.000e+00,0.000e+00,0.000e+00,0.000e+00,0.000e+00,0.000e+00,0.000e+00,0.000e+00,0.000e+00,0.000e+00,0.000e+00,0.000e+00,0.000e+00,0.000e+00,0.000e+00,0.000e+00,0.000e+00,0.000e+00,0.000e+00,0.000e+00,0.000e+00,0.000e+00,0.000e+00,0.000e+00,0.000e+00,0.000e+00,0.000e+00,0.000e+00,0.000e+00,0.000e+00,0.000e+00,0.000e+00,0.000e+00,0.000e+00,0.000e+00,0.000e+00,0.000e+00,0.000e+00,0.000e+00,0.000e+00,0.000e+00,0.000e+00,0.000e+00,0.000e+00,0.000e+00,0.000e+00,0.000e+00,0.000e+00,0.000e+00,0.000e+00,0.000e+00,0.000e+00,0.000e+00,0.000e+00,0.000e+00,0.000e+00,0.000e+00,0.000e+00,0.000e+00,0.000e+00,0.000e+00,0.000e+00,0.000e+00,0.000e+00,0.000e+00,0.000e+00
1.670e+02,1.800e+01,1.100e+01,5.000e+00,4.000e+00,3.000e+00,5.000e+00,1.000e+00,1.000e+00,4.000e+00,1.000e+00,0.000e+00,2.000e+00,1.000e+00,1.000e+00,2.000e+00,0.000e+00,1.000e+00,0.000e+00,1.000e+00,0.000e+00,3.000e+00,0.000e+00,0.000e+00,0.000e+00,0.000e+00,0.000e+00,1.000e+00,0.000e+00,1.000e+00,1.000e+00,0.000e+00,1.000e+00,1.000e+00,0.000e+00,1.000e+00,0.000e+00,0.000e+00,0.000e+00,0.000e+00,0.000e+00,0.000e+00,0.000e+00,1.000e+00,0.000e+00,1.000e+00,0.000e+00,1.000e+00,0.000e+00,0.000e+00,0.000e+00,0.000e+00,0.000e+00,0.000e+00,0.000e+00,0.000e+00,0.000e+00,0.000e+00,0.000e+00,0.000e+00,0.000e+00,0.000e+00,0.000e+00,0.000e+00,0.000e+00,0.000e+00,0.000e+00,0.000e+00,0.000e+00,0.000e+00,0.000e+00,0.000e+00,0.000e+00,0.000e+00,0.000e+00,0.000e+00,0.000e+00,0.000e+00,0.000e+00,0.000e+00,0.000e+00,0.000e+00,0.000e+00,0.000e+00,0.000e+00,0.000e+00,0.000e+00,0.000e+00,0.000e+00,0.000e+00,0.000e+00,0.000e+00,0.000e+00,0.000e+00,0.000e+00,0.000e+00,0.000e+00,0.000e+00,0.000e+00,0.000e+00
1.650e+02,2.200e+01,9.000e+00,5.000e+00,5.000e+00,3.000e+00,1.000e+00,1.000e+00,2.000e+00,3.000e+00,1.000e+00,2.000e+00,0.000e+00,2.000e+00,1.000e+00,1.000e+00,0.000e+00,0.000e+00,0.000e+00,0.000e+00,1.000e+00,1.000e+00,0.000e+00,0.000e+00,0.000e+00,0.000e+00,0.000e+00,1.000e+00,0.000e+00,0.000e+00,0.000e+00,1.000e+00,0.000e+00,1.000e+00,1.000e+00,0.000e+00,3.000e+00,2.000e+00,2.000e+00,1.000e+00,1.000e+00,0.000e+00,0.000e+00,0.000e+00,1.000e+00,0.000e+00,1.000e+00,0.000e+00,0.000e+00,0.000e+00,0.000e+00,0.000e+00,0.000e+00,0.000e+00,0.000e+00,0.000e+00,0.000e+00,0.000e+00,0.000e+00,0.000e+00,0.000e+00,0.000e+00,0.000e+00,0.000e+00,0.000e+00,0.000e+00,0.000e+00,0.000e+00,0.000e+00,0.000e+00,0.000e+00,0.000e+00,0.000e+00,0.000e+00,0.000e+00,0.000e+00,0.000e+00,0.000e+00,0.000e+00,0.000e+00,0.000e+00,0.000e+00,0.000e+00,0.000e+00,0.000e+00,0.000e+00,0.000e+00,0.000e+00,0.000e+00,0.000e+00,0.000e+00,0.000e+00,0.000e+00,0.000e+00,0.000e+00,0.000e+00,0.000e+00,0.000e+00,0.000e+00,0.000e+00
1.620e+02,2.100e+01,1.100e+01,2.000e+00,7.000e+00,3.000e+00,4.000e+00,2.000e+00,0.000e+00,4.000e+00,2.000e+00,0.000e+00,1.000e+00,2.000e+00,1.000e+00,3.000e+00,2.000e+00,1.000e+00,2.000e+00,0.000e+00,0.000e+00,0.000e+00,0.000e+00,1.000e+00,1.000e+00,1.000e+00,1.000e+00,0.000e+00,0.000e+00,0.000e+00,2.000e+00,0.000e+00,0.000e+00,0.000e+00,3.000e+00,0.000e+00,0.000e+00,0.000e+00,0.000e+00,0.000e+00,0.000e+00,0.000e+00,0.000e+00,0.000e+00,0.000e+00,0.000e+00,0.000e+00,1.000e+00,0.000e+00,0.000e+00,0.000e+00,0.000e+00,0.000e+00,0.000e+00,0.000e+00,0.000e+00,0.000e+00,0.000e+00,0.000e+00,0.000e+00,0.000e+00,0.000e+00,0.000e+00,0.000e+00,0.000e+00,0.000e+00,0.000e+00,0.000e+00,0.000e+00,0.000e+00,0.000e+00,0.000e+00,0.000e+00,0.000e+00,0.000e+00,0.000e+00,0.000e+00,0.000e+00,0.000e+00,0.000e+00,0.000e+00,0.000e+00,0.000e+00,0.000e+00,0.000e+00,0.000e+00,0.000e+00,0.000e+00,0.000e+00,0.000e+00,0.000e+00,0.000e+00,0.000e+00,0.000e+00,0.000e+00,0.000e+00,0.000e+00,0.000e+00,0.000e+00,0.000e+00
1.610e+02,2.700e+01,1.700e+01,7.000e+00,2.000e+00,3.000e+00,3.000e+00,3.000e+00,1.000e+00,1.000e+00,0.000e+00,1.000e+00,1.000e+00,2.000e+00,0.000e+00,0.000e+00,5.000e+00,0.000e+00,0.000e+00,2.000e+00,1.000e+00,0.000e+00,0.000e+00,1.000e+00,0.000e+00,0.000e+00,1.000e+00,0.000e+00,0.000e+00,0.000e+00,0.000e+00,0.000e+00,0.000e+00,0.000e+00,0.000e+00,0.000e+00,0.000e+00,1.000e+00,0.000e+00,0.000e+00,0.000e+00,0.000e+00,0.000e+00,0.000e+00,0.000e+00,0.000e+00,0.000e+00,0.000e+00,0.000e+00,0.000e+00,0.000e+00,0.000e+00,0.000e+00,0.000e+00,0.000e+00,0.000e+00,0.000e+00,0.000e+00,0.000e+00,0.000e+00,0.000e+00,0.000e+00,0.000e+00,0.000e+00,0.000e+00,0.000e+00,0.000e+00,0.000e+00,0.000e+00,0.000e+00,0.000e+00,0.000e+00,0.000e+00,0.000e+00,0.000e+00,0.000e+00,0.000e+00,0.000e+00,0.000e+00,0.000e+00,0.000e+00,0.000e+00,0.000e+00,0.000e+00,0.000e+00,0.000e+00,0.000e+00,0.000e+00,0.000e+00,0.000e+00,0.000e+00,0.000e+00,0.000e+00,0.000e+00,0.000e+00,0.000e+00,0.000e+00,0.000e+00,0.000e+00,0.000e+00
