11,6,21,16,16,7,9,10,8,12,11,21,28,13849,0,0,0,0,0,0,0,0,0,0,0,0,0,0,0,0
21,22,34,25,24,21,30,26,7,23,23,23,55,15039,0,0,0,0,0,0,0,0,0,0,0,0,0,0,0,0
15,30,21,27,46,24,27,12,12,29,24,30,47,16328,0,0,0,0,0,0,0,0,0,0,0,0,0,0,0,0
17,13,43,23,40,22,30,24,11,30,25,25,86,16456,0,0,0,0,0,0,0,0,0,0,0,0,0,0,0,0
26,23,18,26,34,18,23,10,18,20,16,18,57,16428,5,0,0,0,0,0,0,0,0,0,0,0,0,0,0,0
27,25,14,21,35,18,18,20,28,20,17,34,49,16399,9,0,0,0,0,0,0,0,0,0,0,0,0,0,0,0
30,20,23,27,21,22,25,26,17,10,28,27,46,16450,7,0,0,0,0,0,0,0,0,0,0,0,0,0,0,0
35,18,11,49,25,34,34,26,25,18,17,43,57,16415,4,0,0,0,0,0,0,0,0,0,0,0,0,0,0,0
44,13,27,26,25,10,20,20,12,16,19,35,61,16306,14,0,0,0,0,0,0,0,0,0,0,0,0,0,0,0
49,15,28,25,22,20,21,14,24,20,21,50,54,16243,22,0,0,0,0,0,0,0,0,0,0,0,0,0,0,0
18,20,14,42,27,13,21,33,34,10,14,40,84,16421,35,0,0,0,0,0,0,0,0,0,0,0,0,0,0,0
25,20,22,30,43,39,14,11,37,11,22,15,58,16399,38,0,0,0,0,0,0,0,0,0,0,0,0,0,0,0
23,34,27,18,32,25,13,25,19,18,21,34,57,16315,39,0,0,0,0,0,0,0,0,0,0,0,0,0,0,0
29,20,11,19,34,37,28,17,14,17,25,27,69,16176,78,0,0,0,0,0,0,0,0,0,0,0,0,0,0,0
24,17,38,15,28,35,39,20,15,21,22,20,37,16350,84,0,0,0,0,0,0,0,0,0,0,0,0,0,0,0
25,19,16,17,34,27,28,38,21,16,20,31,36,16389,57,0,0,0,0,0,0,0,0,0,0,0,0,0,0,0
34,29,24,8,14,16,41,21,25,20,14,44,39,16351,62,0,0,0,0,0,0,0,0,0,0,0,0,0,0,0
24,35,18,17,24,17,26,14,24,17,30,37,36,16258,72,3,0,0,0,0,0,0,0,0,0,0,0,0,0,0
17,24,20,25,24,21,16,14,18,22,23,19,54,16264,76,4,0,0,0,0,0,0,0,0,0,0,0,0,0,0
21,33,19,30,19,20,25,17,18,24,22,25,61,16384,76,3,0,0,0,0,0,0,0,0,0,0,0,0,0,0
29,34,19,23,29,25,16,31,30,16,16,36,63,16127,80,4,0,0,0,0,0,0,0,0,0,0,0,0,0,0
29,34,19,20,29,22,22,21,21,21,8,16,62,16354,78,0,0,0,0,0,0,0,0,0,0,0,0,0,0,0
35,37,24,24,25,19,36,14,10,26,17,25,81,16276,66,0,0,0,0,0,0,0,0,0,0,0,0,0,0,0
28,19,17,39,16,20,27,17,18,27,22,43,77,16329,65,0,0,0,0,0,0,0,0,0,0,0,0,0,0,0
22,27,23,22,20,19,24,22,13,25,9,40,57,16283,48,0,0,0,0,0,0,0,0,0,0,0,0,0,0,0
30,24,21,25,23,28,18,24,19,20,17,14,64,16294,55,0,0,0,0,0,0,0,0,0,0,0,0,0,0,0
30,28,27,28,28,43,18,16,25,19,14,18,60,16292,35,0,0,0,0,0,0,0,0,0,0,0,0,0,0,0
35,27,52,40,28,36,13,14,20,11,19,27,65,16306,23,0,0,0,0,0,0,0,0,0,0,0,0,0,0,0
35,35,36,27,30,28,19,24,18,25,31,20,64,16251,43,0,0,0,0,0,0,0,0,0,0,0,0,0,0,0
38,36,32,34,9,25,19,22,19,23,32,17,83,16346,30,0,0,0,0,0,0,0,0,0,0,0,0,0,0,0
46,35,27,20,25,18,25,22,22,19,17,19,71,16233,33,0,0,0,0,0,0,0,0,0,0,0,0,0,0,0
33,21,34,16,40,32,18,14,12,16,20,44,59,16283,44,0,0,0,0,0,0,0,0,0,0,0,0,0,0,0
25,32,36,28,44,28,11,8,23,18,26,22,56,16266,49,0,0,0,0,0,0,0,0,0,0,0,0,0,0,0
20,24,31,34,24,34,19,17,32,25,26,21,46,16275,45,0,0,0,0,0,0,0,0,0,0,0,0,0,0,0
25,18,34,17,23,28,12,27,30,23,19,42,45,16374,23,0,0,0,0,0,0,0,0,0,0,0,0,0,0,0
10,18,50,26,15,20,13,22,30,19,28,20,24,16388,6,0,0,0,0,0,0,0,0,0,0,0,0,0,0,0
18,27,31,27,10,27,14,16,40,11,32,13,19,16418,18,0,0,0,0,0,0,0,0,0,0,0,0,0,0,0
21,32,25,22,14,17,32,36,26,15,22,12,21,16357,17,0,0,0,0,0,0,0,0,0,0,0,0,0,0,0
20,15,48,15,23,34,23,24,38,20,24,28,20,16338,32,0,0,0,0,0,0,0,0,0,0,0,0,0,0,0
17,18,38,33,23,32,30,33,23,14,19,25,35,16348,41,0,0,0,0,0,0,0,0,0,0,0,0,0,0,0
21,19,25,18,34,22,23,32,23,18,22,20,48,16273,99,0,0,0,0,0,0,0,0,0,0,0,0,0,0,0
31,40,34,31,39,34,31,18,22,16,22,21,31,16271,64,0,0,0,0,0,0,0,0,0,0,0,0,0,0,0
22,20,37,19,34,32,22,18,27,33,21,26,22,16275,83,0,0,0,0,0,0,0,0,0,0,0,0,0,0,0
25,21,14,14,23,42,22,19,17,26,13,24,34,16240,46,0,0,0,0,0,0,0,0,0,0,0,0,0,0,0
20,28,9,19,20,38,23,10,16,21,23,41,45,16324,35,0,0,0,0,0,0,0,0,0,0,0,0,0,0,0
33,25,16,15,38,45,34,18,23,40,18,33,43,16439,31,0,0,0,0,0,0,0,0,0,0,0,0,0,0,0
27,23,19,24,26,40,23,18,27,21,20,21,57,16299,53,0,0,0,0,0,0,0,0,0,0,0,0,0,0,0
27,25,13,24,17,23,55,19,11,15,10,22,63,16440,49,0,0,0,0,0,0,0,0,0,0,0,0,0,0,0
14,22,11,34,24,16,31,16,11,19,34,19,71,16388,52,0,0,0,0,0,0,0,0,0,0,0,0,0,0,0
22,43,26,18,13,22,16,18,18,14,44,22,62,16317,53,0,0,0,0,0,0,0,0,0,0,0,0,0,0,0
20,26,28,22,13,32,30,14,26,31,25,34,67,16208,30,0,0,0,0,0,0,0,0,0,0,0,0,0,0,0
10,35,18,17,26,29,27,16,26,33,29,23,55,16373,24,0,0,0,0,0,0,0,0,0,0,0,0,0,0,0
26,24,23,34,24,19,25,19,24,30,19,31,36,16249,11,0,0,0,0,0,0,0,0,0,0,0,0,0,0,0
13,8,25,17,19,14,43,32,14,23,12,27,35,16314,14,0,0,0,0,0,0,0,0,0,0,0,0,0,0,0
39,35,28,22,24,19,20,20,40,12,10,20,54,16377,28,0,0,0,0,0,0,0,0,0,0,0,0,0,0,0
38,24,16,28,18,22,25,21,32,39,14,20,52,16421,27,0,0,0,0,0,0,0,0,0,0,0,0,0,0,0
26,19,20,18,21,21,17,17,28,34,17,33,50,16275,35,0,0,0,0,0,0,0,0,0,0,0,0,0,0,0
20,15,24,22,15,20,40,19,12,17,11,37,67,16339,57,0,0,0,0,0,0,0,0,0,0,0,0,0,0,0
16,9,25,25,33,22,24,14,6,35,34,44,72,16273,48,0,0,0,0,0,0,0,0,0,0,0,0,0,0,0
27,15,21,20,14,37,22,18,16,25,25,47,63,16259,32,0,0,0,0,0,0,0,0,0,0,0,0,0,0,0
20,23,15,17,12,27,27,34,23,21,20,31,69,16381,11,0,0,0,0,0,0,0,0,0,0,0,0,0,0,0
23,20,18,14,23,25,23,27,15,17,13,42,53,16307,4,0,0,0,0,0,0,0,0,0,0,0,0,0,0,0
28,23,14,13,21,21,20,20,24,17,17,36,61,16264,0,0,0,0,0,0,0,0,0,0,0,0,0,0,0,0
33,14,16,16,18,19,19,18,16,17,12,32,72,16279,0,0,0,0,0,0,0,0,0,0,0,0,0,0,0,0
19,15,22,22,23,33,19,11,20,23,13,18,72,16298,0,0,0,0,0,0,0,0,0,0,0,0,0,0,0,0
42,24,19,30,21,17,16,21,24,26,18,23,79,16313,6,0,0,0,0,0,0,0,0,0,0,0,0,0,0,0
36,22,24,25,13,14,15,18,28,20,25,18,78,16468,17,0,0,0,0,0,0,0,0,0,0,0,0,0,0,0
36,24,19,36,15,9,29,13,23,12,19,25,48,16386,3,0,0,0,0,0,0,0,0,0,0,0,0,0,0,0
30,28,28,18,12,17,18,18,15,17,24,17,63,16411,22,0,0,0,0,0,0,0,0,0,0,0,0,0,0,0
34,30,29,24,26,19,9,19,16,17,32,20,111,16248,40,0,0,0,0,0,0,0,0,0,0,0,0,0,0,0
33,23,19,26,27,13,20,30,7,19,22,27,98,16334,54,0,0,0,0,0,0,0,0,0,0,0,0,0,0,0
36,36,25,18,35,19,18,25,16,32,21,10,70,16214,54,0,0,0,0,0,0,0,0,0,0,0,0,0,0,0
34,46,26,12,19,13,19,26,18,19,16,15,63,16224,107,0,0,0,0,0,0,0,0,0,0,0,0,0,0,0
46,40,37,23,20,23,22,34,20,19,15,37,70,16334,61,0,0,0,0,0,0,0,0,0,0,0,0,0,0,0
44,41,23,21,20,22,14,20,22,28,30,36,81,16313,43,0,0,0,0,0,0,0,0,0,0,0,0,0,0,0
30,39,38,11,11,16,17,20,22,15,16,21,49,16237,37,0,0,0,0,0,0,0,0,0,0,0,0,0,0,0
32,41,29,16,13,23,19,37,14,14,13,11,48,16348,48,0,0,0,0,0,0,0,0,0,0,0,0,0,0,0
21,36,19,30,28,21,23,31,17,21,16,29,30,16341,37,0,0,0,0,0,0,0,0,0,0,0,0,0,0,0
33,37,16,18,22,17,18,18,26,21,12,38,40,16316,35,0,0,0,0,0,0,0,0,0,0,0,0,0,0,0
57,39,16,19,27,16,35,11,21,15,16,47,36,16340,66,0,0,0,0,0,0,0,0,0,0,0,0,0,0,0
21,17,18,19,22,23,39,9,22,10,26,43,49,16291,106,0,0,0,0,0,0,0,0,0,0,0,0,0,0,0
35,22,29,24,30,28,35,20,18,16,33,33,95,16187,114,0,0,0,0,0,0,0,0,0,0,0,0,0,0,0
15,17,42,15,23,20,35,31,19,22,32,69,70,16297,105,0,0,0,0,0,0,0,0,0,0,0,0,0,0,0
10,19,39,20,28,28,25,20,20,20,23,31,46,16282,108,0,0,0,0,0,0,0,0,0,0,0,0,0,0,0
23,34,31,19,44,25,38,13,24,29,28,32,27,16330,84,0,0,0,0,0,0,0,0,0,0,0,0,0,0,0
26,15,36,37,23,16,24,13,21,21,28,16,44,16220,79,0,0,0,0,0,0,0,0,0,0,0,0,0,0,0
53,22,20,46,23,13,28,25,40,15,29,16,63,16307,75,0,0,0,0,0,0,0,0,0,0,0,0,0,0,0
28,15,27,35,15,25,36,17,36,28,33,25,61,16120,159,0,0,0,0,0,0,0,0,0,0,0,0,0,0,0
24,22,26,49,13,30,34,14,33,28,25,42,52,16181,188,0,0,0,0,0,0,0,0,0,0,0,0,0,0,0
21,44,33,17,18,9,21,15,19,26,25,50,46,16257,124,0,0,0,0,0,0,0,0,0,0,0,0,0,0,0
21,40,38,30,20,16,26,38,25,16,21,49,55,16185,158,0,0,0,0,0,0,0,0,0,0,0,0,0,0,0
16,43,38,29,17,20,33,21,23,15,23,33,42,16136,198,0,0,0,0,0,0,0,0,0,0,0,0,0,0,0
35,42,44,17,26,24,22,10,19,30,27,18,39,16176,264,0,0,0,0,0,0,0,0,0,0,0,0,0,0,0
29,34,35,25,28,25,29,11,24,35,26,14,56,16092,286,0,0,0,0,0,0,0,0,0,0,0,0,0,0,0
40,45,28,40,22,36,18,14,21,43,23,16,27,15887,346,0,0,0,0,0,0,0,0,0,0,0,0,0,0,0
19,32,19,18,23,47,14,24,22,25,13,31,48,15887,434,0,0,0,0,0,0,0,0,0,0,0,0,0,0,0
13,55,13,29,19,26,20,23,25,44,22,36,58,15744,609,0,0,0,0,0,0,0,0,0,0,0,0,0,0,0
20,53,7,18,27,19,18,24,19,33,23,44,47,15307,937,0,0,0,0,0,0,0,0,0,0,0,0,0,0,0
16,43,21,13,24,20,9,26,12,29,17,52,42,14562,1490,0,0,0,0,0,0,0,0,0,0,0,0,0,0,0
17,29,28,17,15,20,19,24,10,34,43,34,29,13911,2201,0,0,0,0,0,0,0,0,0,0,0,0,0,0,0
23,25,19,31,37,14,15,26,13,14,32,43,34,12799,3018,4,0,0,0,0,0,0,0,0,0,0,0,0,0,0
15,34,37,19,24,18,22,9,16,19,19,62,23,11490,4095,1,0,0,0,0,0,0,0,0,0,0,0,0,0,0
20,58,31,36,9,13,25,17,35,9,18,28,45,10272,5274,7,0,0,0,0,0,0,0,0,0,0,0,0,0,0
28,61,38,22,35,26,12,23,27,15,13,31,51,9105,6298,4,0,0,0,0,0,0,0,0,0,0,0,0,0,0
22,31,27,21,19,29,24,32,18,20,26,33,65,8140,6974,0,0,0,0,0,0,0,0,0,0,0,0,0,0,0
27,29,27,27,23,29,17,33,24,8,16,43,72,7883,7181,0,0,0,0,0,0,0,0,0,0,0,0,0,0,0
40,29,34,38,28,25,12,30,24,14,31,14,63,7820,7274,0,0,0,0,0,0,0,0,0,0,0,0,0,0,0
31,32,44,39,31,27,29,15,32,18,15,23,68,7499,7540,0,0,0,0,0,0,0,0,0,0,0,0,0,0,0
18,23,29,24,17,16,21,17,33,13,22,30,40,7411,7708,1,0,0,0,0,0,0,0,0,0,0,0,0,0,0
23,26,22,25,43,28,23,10,24,16,21,16,35,7236,7796,0,0,0,0,0,0,0,0,0,0,0,0,0,0,0
19,46,20,14,17,26,12,19,35,26,7,12,42,7145,7803,1,0,0,0,0,0,0,0,0,0,0,0,0,0,0
23,24,18,26,19,31,16,13,17,16,24,15,59,7296,7744,2,0,0,0,0,0,0,0,0,0,0,0,0,0,0
25,22,20,27,19,33,19,35,17,24,19,23,45,7209,7790,0,0,0,0,0,0,0,0,0,0,0,0,0,0,0
32,17,25,32,18,14,9,41,25,15,22,24,50,7141,7818,3,0,0,0,0,0,0,0,0,0,0,0,0,0,0
22,28,14,26,14,23,18,27,21,26,21,16,59,7112,7706,20,0,0,0,0,0,0,0,0,0,0,0,0,0,0
24,31,32,25,21,14,28,26,10,25,12,27,40,7136,7800,31,0,0,0,0,0,0,0,0,0,0,0,0,0,0
34,25,13,33,11,23,42,19,8,27,21,21,50,7294,7784,12,0,0,0,0,0,0,0,0,0,0,0,0,0,0
12,33,18,18,9,11,11,45,15,36,14,13,81,7314,7825,17,0,0,0,0,0,0,0,0,0,0,0,0,0,0
10,45,17,24,20,24,17,24,16,27,14,26,77,7211,7726,40,0,0,0,0,0,0,0,0,0,0,0,0,0,0
19,10,17,22,18,18,29,22,25,33,16,20,95,7087,7815,47,0,0,0,0,0,0,0,0,0,0,0,0,0,0
35,22,16,24,9,17,21,29,10,33,19,16,86,7030,7816,56,0,0,0,0,0,0,0,0,0,0,0,0,0,0
29,31,30,17,15,15,8,15,34,19,21,17,59,7198,7731,32,0,0,0,0,0,0,0,0,0,0,0,0,0,0
29,22,20,21,16,20,14,28,33,27,22,34,46,7198,7721,44,0,0,0,0,0,0,0,0,0,0,0,0,0,0
35,27,21,17,31,31,25,11,29,15,19,18,56,7306,7615,32,0,0,0,0,0,0,0,0,0,0,0,0,0,0
25,23,39,33,26,19,41,26,19,8,10,22,65,7058,7798,20,0,0,0,0,0,0,0,0,0,0,0,0,0,0
21,23,32,36,39,23,27,35,16,18,17,20,45,7161,7804,17,0,0,0,0,0,0,0,0,0,0,0,0,0,0
26,15,43,31,30,16,20,30,21,12,13,32,39,7069,7772,28,0,0,0,0,0,0,0,0,0,0,0,0,0,0
20,23,21,24,32,15,16,23,21,18,12,37,48,7115,7628,34,0,0,0,0,0,0,0,0,0,0,0,0,0,0
13,23,14,18,28,16,21,30,14,14,18,35,52,7030,7842,33,0,0,0,0,0,0,0,0,0,0,0,0,0,0
36,23,17,15,31,15,18,12,20,20,32,30,71,7103,7800,22,0,0,0,0,0,0,0,0,0,0,0,0,0,0
23,22,19,20,23,10,10,21,14,17,27,16,72,7061,7733,26,0,0,0,0,0,0,0,0,0,0,0,0,0,0
25,19,24,59,36,15,11,28,20,22,17,15,36,7058,7710,46,0,0,0,0,0,0,0,0,0,0,0,0,0,0
13,21,29,33,22,21,48,14,16,14,14,24,30,7024,7692,74,0,0,0,0,0,0,0,0,0,0,0,0,0,0
19,17,20,21,19,23,19,14,23,22,14,49,18,7071,7603,75,0,0,0,0,0,0,0,0,0,0,0,0,0,0
22,24,24,33,29,15,10,19,33,14,10,54,34,6904,7624,78,0,0,0,0,0,0,0,0,0,0,0,0,0,0
21,24,15,20,21,18,8,11,27,17,17,32,31,6996,7703,66,0,0,0,0,0,0,0,0,0,0,0,0,0,0
30,29,28,22,46,20,31,12,23,23,18,38,28,7102,7559,33,0,0,0,0,0,0,0,0,0,0,0,0,0,0
23,24,34,26,22,23,34,25,26,9,26,20,21,7034,7711,13,0,0,0,0,0,0,0,0,0,0,0,0,0,0
18,33,33,41,18,16,22,17,32,10,8,23,22,7007,7616,5,0,0,0,0,0,0,0,0,0,0,0,0,0,0
18,21,24,25,20,14,32,12,27,18,10,34,36,7088,7687,1,0,0,0,0,0,0,0,0,0,0,0,0,0,0
19,12,19,24,18,19,36,14,15,15,14,26,18,6943,7762,3,0,0,0,0,0,0,0,0,0,0,0,0,0,0
12,13,8,17,36,29,19,22,20,22,22,27,21,7114,7580,1,0,0,0,0,0,0,0,0,0,0,0,0,0,0
17,17,20,19,47,19,17,15,19,18,19,15,21,6963,7758,0,0,0,0,0,0,0,0,0,0,0,0,0,0,0
18,23,24,15,26,15,25,16,12,15,20,27,28,7061,7471,0,0,0,0,0,0,0,0,0,0,0,0,0,0,0
35,29,21,29,30,12,27,14,17,18,13,34,51,7059,7668,1,0,0,0,0,0,0,0,0,0,0,0,0,0,0
24,32,32,28,20,18,20,11,29,23,12,27,76,6971,7645,0,0,0,0,0,0,0,0,0,0,0,0,0,0,0
24,32,28,25,19,14,15,25,15,15,11,23,55,7057,7681,0,0,0,0,0,0,0,0,0,0,0,0,0,0,0
31,18,31,37,22,20,25,18,15,8,6,22,27,6972,7648,0,0,0,0,0,0,0,0,0,0,0,0,0,0,0
32,31,32,21,30,17,22,12,22,17,19,25,33,6967,7666,4,0,0,0,0,0,0,0,0,0,0,0,0,0,0
50,51,18,24,41,11,19,16,22,23,28,24,18,6982,7686,6,0,0,0,0,0,0,0,0,0,0,0,0,0,0
41,32,12,28,29,14,13,16,22,18,23,42,37,6829,7844,4,0,0,0,0,0,0,0,0,0,0,0,0,0,0
30,32,18,19,29,19,14,23,26,18,35,23,47,6739,7860,2,0,0,0,0,0,0,0,0,0,0,0,0,0,0
31,35,16,26,17,15,40,13,33,7,17,42,41,6505,8066,2,0,0,0,0,0,0,0,0,0,0,0,0,0,0
20,44,19,26,16,18,34,15,26,15,11,27,32,5810,8453,0,0,0,0,0,0,0,0,0,0,0,0,0,0,0
10,35,49,25,16,15,24,29,10,25,10,32,33,5367,8873,2,0,0,0,0,0,0,0,0,0,0,0,0,0,0
31,20,32,34,30,25,23,29,17,18,9,31,38,4601,9431,10,0,0,0,0,0,0,0,0,0,0,0,0,0,0
18,33,24,20,20,22,55,27,10,16,13,21,50,3932,9907,36,0,0,0,0,0,0,0,0,0,0,0,0,0,0
32,26,33,31,16,33,42,10,16,16,6,42,50,3366,10230,20,0,0,0,0,0,0,0,0,0,0,0,0,0,0
29,23,28,36,24,21,23,14,6,12,18,31,70,3106,10490,15,0,0,0,0,0,0,0,0,0,0,0,0,0,0
45,16,48,25,22,33,19,20,8,18,18,33,63,2943,10540,24,0,0,0,0,0,0,0,0,0,0,0,0,0,0
28,41,45,31,27,25,14,13,15,7,10,38,61,2939,10596,27,0,0,0,0,0,0,0,0,0,0,0,0,0,0
26,40,41,34,22,15,27,13,11,16,16,45,52,2927,10618,26,0,0,0,0,0,0,0,0,0,0,0,0,0,0
29,31,30,31,11,21,19,17,21,24,12,27,10,2936,10530,33,0,0,0,0,0,0,0,0,0,0,0,0,0,0
30,26,29,37,11,24,48,21,16,17,14,29,37,2826,10574,26,0,0,0,0,0,0,0,0,0,0,0,0,0,0
27,33,33,43,26,26,35,20,15,13,16,26,27,2913,10656,7,0,0,0,0,0,0,0,0,0,0,0,0,0,0
13,39,35,55,35,54,60,29,36,18,18,20,16,2911,10703,4,0,0,0,0,0,0,0,0,0,0,0,0,0,0
17,28,25,42,32,37,43,17,10,10,11,13,16,2777,10756,19,0,0,0,0,0,0,0,0,0,0,0,0,0,0
21,29,29,21,18,27,37,15,17,20,18,13,35,2818,10744,53,0,0,0,0,0,0,0,0,0,0,0,0,0,0
22,26,15,25,30,24,35,18,23,8,11,9,26,2957,10578,45,0,0,0,0,0,0,0,0,0,0,0,0,0,0
13,34,14,32,20,41,16,19,17,10,14,11,15,2902,10684,61,0,0,0,0,0,0,0,0,0,0,0,0,0,0
24,28,29,16,17,62,23,29,14,17,25,8,34,2833,10613,42,0,0,0,0,0,0,0,0,0,0,0,0,0,0
23,33,29,13,19,31,34,21,10,20,21,11,30,2867,10707,37,0,0,0,0,0,0,0,0,0,0,0,0,0,0
21,45,29,26,29,33,9,29,23,17,10,36,47,2837,10734,38,0,0,0,0,0,0,0,0,0,0,0,0,0,0
48,38,17,19,20,30,19,22,15,18,14,49,47,2885,10648,23,0,0,0,0,0,0,0,0,0,0,0,0,0,0
33,35,23,24,42,30,28,38,32,9,16,38,64,2824,10747,46,0,0,0,0,0,0,0,0,0,0,0,0,0,0
44,32,24,14,24,25,17,18,19,21,8,22,68,2906,10524,47,0,0,0,0,0,0,0,0,0,0,0,0,0,0
45,38,37,25,17,39,23,22,26,13,19,17,34,2734,10663,20,0,0,0,0,0,0,0,0,0,0,0,0,0,0
45,17,29,14,30,29,36,26,20,30,11,16,64,2858,10682,17,0,0,0,0,0,0,0,0,0,0,0,0,0,0
19,25,25,28,30,44,30,20,21,12,10,35,41,2786,10781,14,0,0,0,0,0,0,0,0,0,0,0,0,0,0
21,15,26,20,15,46,37,30,21,13,22,30,44,2849,10581,19,0,0,0,0,0,0,0,0,0,0,0,0,0,0
22,18,29,19,22,36,26,27,18,20,28,11,41,2904,10607,22,0,0,0,0,0,0,0,0,0,0,0,0,0,0
23,31,24,20,46,30,23,32,9,19,17,26,30,2830,10724,13,0,0,0,0,0,0,0,0,0,0,0,0,0,0
50,28,18,12,27,16,18,26,12,22,13,16,16,2810,10712,15,0,0,0,0,0,0,0,0,0,0,0,0,0,0
50,26,23,28,37,14,22,25,10,9,22,8,37,2806,10834,3,0,0,0,0,0,0,0,0,0,0,0,0,0,0
47,26,16,28,31,25,29,25,9,13,17,22,26,2879,10750,16,0,0,0,0,0,0,0,0,0,0,0,0,0,0
30,18,25,22,38,17,21,27,18,24,15,18,19,2778,10687,16,0,0,0,0,0,0,0,0,0,0,0,0,0,0
42,11,44,28,34,18,18,21,22,31,14,23,33,2821,10702,27,0,0,0,0,0,0,0,0,0,0,0,0,0,0
29,17,28,19,27,19,25,26,18,11,15,28,36,2797,10826,37,0,0,0,0,0,0,0,0,0,0,0,0,0,0
27,34,43,20,13,20,18,25,16,11,20,23,38,2815,10659,51,0,0,0,0,0,0,0,0,0,0,0,0,0,0
24,12,15,9,16,15,17,25,23,28,8,25,71,2817,10573,49,0,0,0,0,0,0,0,0,0,0,0,0,0,0
29,18,23,43,19,16,21,24,15,14,23,12,57,2804,10663,52,0,0,0,0,0,0,0,0,0,0,0,0,0,0
37,22,28,29,18,15,24,32,25,15,14,10,22,2853,10641,72,0,0,0,0,0,0,0,0,0,0,0,0,0,0
35,26,26,29,30,10,15,35,18,12,17,17,19,2814,10782,65,0,0,0,0,0,0,0,0,0,0,0,0,0,0
41,14,16,22,38,23,15,23,17,13,7,17,37,2885,10512,72,0,0,0,0,0,0,0,0,0,0,0,0,0,0
21,22,11,17,32,11,15,25,16,12,11,22,32,2795,10715,75,0,0,0,0,0,0,0,0,0,0,0,0,0,0
55,15,23,40,21,20,16,27,9,8,20,37,25,2779,10711,69,0,0,0,0,0,0,0,0,0,0,0,0,0,0
41,23,49,33,8,11,25,19,17,17,19,30,37,2917,10510,73,0,0,0,0,0,0,0,0,0,0,0,0,0,0
42,23,42,20,14,26,25,13,31,14,21,29,25,2855,10630,107,0,0,0,0,0,0,0,0,0,0,0,0,0,0
45,20,30,25,15,15,24,18,16,20,21,7,50,2884,10547,108,0,0,0,0,0,0,0,0,0,0,0,0,0,0
25,33,18,17,22,23,21,21,34,16,34,11,38,2779,10558,92,0,0,0,0,0,0,0,0,0,0,0,0,0,0
35,22,24,10,40,16,27,15,30,14,17,23,26,2832,10608,83,0,0,0,0,0,0,0,0,0,0,0,0,0,0
38,8,36,9,35,24,15,14,15,10,26,17,35,2765,10667,77,0,0,0,0,0,0,0,0,0,0,0,0,0,0
45,14,32,13,31,18,34,22,16,8,17,18,54,2789,10721,75,0,0,0,0,0,0,0,0,0,0,0,0,0,0
51,32,24,23,32,31,22,16,21,16,23,24,43,2837,10624,59,0,0,0,0,0,0,0,0,0,0,0,0,0,0
23,25,18,16,25,7,13,24,21,12,29,18,32,2910,10528,83,0,0,0,0,0,0,0,0,0,0,0,0,0,0
32,12,39,22,29,23,21,19,21,12,25,18,36,2745,10581,100,0,0,0,0,0,0,0,0,0,0,0,0,0,0
7,23,32,16,23,19,24,19,33,34,13,19,34,2829,10576,102,0,0,0,0,0,0,0,0,0,0,0,0,0,0
20,22,26,25,30,15,14,17,25,27,26,22,38,2936,10577,130,0,0,0,0,0,0,0,0,0,0,0,0,0,0
17,34,35,21,36,26,30,22,19,40,28,12,34,2785,10672,104,1,0,0,0,0,0,0,0,0,0,0,0,0,0
32,13,37,24,21,18,36,20,7,20,24,23,27,2840,10479,134,0,0,0,0,0,0,0,0,0,0,0,0,0,0
21,31,26,31,27,19,17,15,10,19,25,19,26,2938,10460,94,0,0,0,0,0,0,0,0,0,0,0,0,0,0
28,62,19,20,51,18,19,16,22,14,11,27,33,2759,10757,103,0,0,0,0,0,0,0,0,0,0,0,0,0,0
14,48,31,26,45,45,12,18,12,20,13,15,26,2834,10522,90,0,0,0,0,0,0,0,0,0,0,0,0,0,0
30,32,26,32,28,47,17,16,9,23,16,28,33,2859,10639,84,0,0,0,0,0,0,0,0,0,0,0,0,0,0
21,25,38,18,33,18,18,14,18,24,36,37,33,2825,10616,75,0,0,0,0,0,0,0,0,0,0,0,0,0,0
23,16,37,23,20,36,23,37,6,28,38,24,42,2828,10563,97,2,0,0,0,0,0,0,0,0,0,0,0,0,0
53,29,11,38,29,14,25,18,20,29,19,30,30,2852,10546,80,3,0,0,0,0,0,0,0,0,0,0,0,0,0
33,18,22,26,17,6,33,9,35,26,16,26,32,2785,10642,54,3,0,0,0,0,0,0,0,0,0,0,0,0,0
43,25,32,32,14,13,26,18,24,31,17,14,12,2761,10688,48,0,0,0,0,0,0,0,0,0,0,0,0,0,0
47,25,30,26,13,12,26,14,29,37,11,20,15,2893,10638,52,0,0,0,0,0,0,0,0,0,0,0,0,0,0
33,26,26,35,8,30,17,27,25,27,10,13,36,2904,10681,36,3,0,0,0,0,0,0,0,0,0,0,0,0,0
25,23,21,20,18,25,16,12,25,24,12,38,32,2901,10677,27,0,0,0,0,0,0,0,0,0,0,0,0,0,0
26,19,21,36,17,30,19,18,22,24,18,49,34,2832,10547,31,0,0,0,0,0,0,0,0,0,0,0,0,0,0
31,16,33,40,10,35,22,19,18,31,23,25,13,2883,10523,59,0,0,0,0,0,0,0,0,0,0,0,0,0,0
27,18,21,19,35,31,18,26,11,17,10,30,23,2853,10556,71,0,0,0,0,0,0,0,0,0,0,0,0,0,0
21,29,24,27,22,18,17,23,15,19,15,29,23,2874,10534,46,0,0,0,0,0,0,0,0,0,0,0,0,0,0
50,31,12,44,18,26,31,15,23,22,12,38,34,2843,10575,61,0,0,0,0,0,0,0,0,0,0,0,0,0,0
29,41,26,30,36,31,21,16,26,9,25,23,37,2820,10519,66,0,0,0,0,0,0,0,0,0,0,0,0,0,0
27,36,23,23,39,16,16,23,20,18,7,14,10,2891,10579,74,0,0,0,0,0,0,0,0,0,0,0,0,0,0
44,25,20,21,22,11,14,32,20,8,12,25,25,2845,10546,48,0,0,0,0,0,0,0,0,0,0,0,0,0,0
29,17,29,21,37,27,16,22,24,23,13,19,26,2857,10623,38,0,0,0,0,0,0,0,0,0,0,0,0,0,0
26,41,15,35,46,18,17,14,20,15,17,13,19,2927,10459,43,0,0,0,0,0,0,0,0,0,0,0,0,0,0
39,28,26,43,37,24,21,19,14,7,5,19,11,2951,10629,36,0,0,0,0,0,0,0,0,0,0,0,0,0,0
30,26,32,22,59,28,22,33,22,14,11,7,22,2845,10651,29,0,0,0,0,0,0,0,0,0,0,0,0,0,0
21,23,24,12,50,16,30,26,20,23,8,14,25,2766,10553,21,0,0,0,0,0,0,0,0,0,0,0,0,0,0
26,21,35,27,34,16,35,27,36,21,7,27,17,2843,10625,20,0,0,0,0,0,0,0,0,0,0,0,0,0,0
15,20,31,29,28,22,29,47,28,14,30,16,32,2787,10622,16,0,0,0,0,0,0,0,0,0,0,0,0,0,0
18,29,23,26,10,19,45,28,13,13,25,31,51,2735,10657,14,0,0,0,0,0,0,0,0,0,0,0,0,0,0
28,30,20,17,17,14,20,31,18,10,14,25,58,2808,10663,7,0,0,0,0,0,0,0,0,0,0,0,0,0,0
32,35,29,20,24,29,19,35,18,18,42,12,54,2858,10515,7,0,0,0,0,0,0,0,0,0,0,0,0,0,0
38,33,16,24,25,24,17,26,16,18,15,21,28,2826,10493,4,0,0,0,0,0,0,0,0,0,0,0,0,0,0
20,30,22,21,17,20,28,22,16,16,23,29,42,2765,10594,4,0,0,0,0,0,0,0,0,0,0,0,0,0,0
15,28,32,24,23,12,33,26,26,26,10,30,47,2666,10665,0,0,0,0,0,0,0,0,0,0,0,0,0,0,0
18,39,17,27,19,25,35,19,14,13,16,27,49,2794,10565,0,0,0,0,0,0,0,0,0,0,0,0,0,0,0
34,31,20,19,13,29,26,19,16,20,15,23,42,2674,10594,1,0,0,0,0,0,0,0,0,0,0,0,0,0,0
15,15,18,27,15,12,32,31,13,25,20,20,33,2846,10570,0,0,0,0,0,0,0,0,0,0,0,0,0,0,0
25,28,28,42,21,23,28,32,15,21,28,33,38,2755,10564,0,0,0,0,0,0,0,0,0,0,0,0,0,0,0
30,18,15,53,23,16,32,19,14,12,9,32,53,2739,10624,0,0,0,0,0,0,0,0,0,0,0,0,0,0,0
37,24,13,60,25,19,25,20,9,26,28,56,58,2643,10574,3,0,0,0,0,0,0,0,0,0,0,0,0,0,0
34,25,33,39,22,20,22,51,9,19,25,32,39,2771,10598,0,0,0,0,0,0,0,0,0,0,0,0,0,0,0
38,17,15,33,39,17,16,34,11,23,20,48,49,2671,10619,4,0,0,0,0,0,0,0,0,0,0,0,0,0,0
25,28,13,17,17,12,29,39,7,23,22,12,41,2706,10695,9,0,0,0,0,0,0,0,0,0,0,0,0,0,0
24,30,15,28,14,31,22,34,26,27,10,26,33,2681,10750,19,0,0,0,0,0,0,0,0,0,0,0,0,0,0
29,39,12,25,23,22,24,23,26,20,13,26,44,2630,10613,36,0,0,0,0,0,0,0,0,0,0,0,0,0,0
25,24,19,29,13,23,19,23,30,23,8,24,23,2503,10807,29,0,0,0,0,0,0,0,0,0,0,0,0,0,0
17,16,17,41,22,18,25,22,25,24,9,18,23,2507,10815,10,0,0,0,0,0,0,0,0,0,0,0,0,0,0
32,14,26,28,17,18,40,14,25,31,31,32,47,2474,10882,3,0,0,0,0,0,0,0,0,0,0,0,0,0,0
22,21,33,15,23,23,20,22,29,17,40,43,68,2432,10778,0,0,0,0,0,0,0,0,0,0,0,0,0,0,0
18,29,33,14,30,33,8,37,31,16,30,34,35,2464,10890,0,0,0,0,0,0,0,0,0,0,0,0,0,0,0
28,21,18,28,26,20,16,11,28,18,12,27,34,2361,10908,5,0,0,0,0,0,0,0,0,0,0,0,0,0,0
51,35,40,41,14,14,13,14,16,29,11,35,25,2318,11018,2,0,0,0,0,0,0,0,0,0,0,0,0,0,0
67,21,26,36,19,22,16,7,15,15,22,18,38,2294,11050,2,0,0,0,0,0,0,0,0,0,0,0,0,0,0
48,32,16,39,23,39,23,18,6,22,13,15,42,1929,11308,0,0,0,0,0,0,0,0,0,0,0,0,0,0,0
30,52,16,39,21,30,18,22,7,35,21,31,32,1865,11416,0,0,0,0,0,0,0,0,0,0,0,0,0,0,0
20,31,31,21,38,6,20,15,11,28,11,30,31,1753,11398,0,0,0,0,0,0,0,0,0,0,0,0,0,0,0
10,24,16,18,37,9,18,19,34,54,21,22,17,1557,11603,8,0,0,0,0,0,0,0,0,0,0,0,0,0,0
44,26,9,23,23,21,28,20,16,32,14,12,27,1402,11734,16,0,0,0,0,0,0,0,0,0,0,0,0,0,0
45,23,29,26,12,37,11,16,19,38,17,18,30,1319,11737,3,1,0,0,0,0,0,0,0,0,0,0,0,0,0
37,25,16,29,12,38,11,27,19,41,14,21,35,1301,11690,1,0,0,0,0,0,0,0,0,0,0,0,0,0,0
30,30,16,17,18,13,8,26,19,39,12,17,42,1252,11782,1,0,0,0,0,0,0,0,0,0,0,0,0,0,0
36,17,11,17,27,22,19,20,13,19,13,19,35,1180,11825,0,0,0,0,0,0,0,0,0,0,0,0,0,0,0
62,17,18,24,31,37,27,14,16,20,8,24,32,1173,11909,0,0,0,0,0,0,0,0,0,0,0,0,0,0,0
25,17,24,12,38,30,31,8,10,24,16,26,25,1078,11885,4,0,0,0,0,0,0,0,0,0,0,0,0,0,0
19,28,16,16,13,28,33,13,6,11,23,10,31,1107,11886,3,0,0,0,0,0,0,0,0,0,0,0,0,0,0
43,15,26,31,19,31,22,16,14,13,9,35,25,1054,11963,2,0,0,0,0,0,0,0,0,0,0,0,0,0,0
25,16,16,22,22,20,23,8,11,21,11,27,49,1056,11930,1,0,0,0,0,0,0,0,0,0,0,0,0,0,0
34,23,17,23,22,17,20,15,10,20,19,29,50,1106,11829,3,0,0,0,0,0,0,0,0,0,0,0,0,0,0
22,12,51,14,51,11,14,10,21,20,18,16,44,1033,11991,1,0,0,0,0,0,0,0,0,0,0,0,0,0,0
59,20,14,27,27,33,27,18,11,15,19,19,55,990,11911,4,0,0,0,0,0,0,0,0,0,0,0,0,0,0
33,50,39,24,27,26,19,13,19,38,19,29,42,967,12007,10,0,0,0,0,0,0,0,0,0,0,0,0,0,0
32,35,23,12,11,16,10,17,12,13,16,22,20,986,11934,14,0,0,0,0,0,0,0,0,0,0,0,0,0,0
32,23,25,18,17,25,15,28,15,14,37,26,26,1042,11823,11,0,0,0,0,0,0,0,0,0,0,0,0,0,0
24,42,14,29,12,12,24,18,13,36,25,29,45,984,11950,12,0,0,0,0,0,0,0,0,0,0,0,0,0,0
16,38,19,20,31,20,31,30,18,29,11,19,34,989,12016,3,0,0,0,0,0,0,0,0,0,0,0,0,0,0
40,30,26,30,35,18,54,28,27,20,28,38,26,1010,12014,4,0,0,0,0,0,0,0,0,0,0,0,0,0,0
38,39,19,25,24,27,28,28,32,13,13,21,13,997,11944,1,0,0,0,0,0,0,0,0,0,0,0,0,0,0
26,25,26,38,30,27,23,35,33,10,10,33,11,970,11959,0,0,0,0,0,0,0,0,0,0,0,0,0,0,0
19,12,23,18,49,16,27,18,14,22,15,44,18,1092,11802,2,0,0,0,0,0,0,0,0,0,0,0,0,0,0
26,43,20,25,40,33,17,18,12,16,14,58,42,1091,11805,2,0,0,0,0,0,0,0,0,0,0,0,0,0,0
21,39,12,22,25,33,29,21,12,10,17,42,58,1049,12007,3,0,0,0,0,0,0,0,0,0,0,0,0,0,0
18,25,17,18,23,23,25,20,18,20,44,41,44,1026,12015,13,0,0,0,0,0,0,0,0,0,0,0,0,0,0
21,42,26,33,34,19,15,16,19,30,13,27,32,970,11936,21,0,0,0,0,0,0,0,0,0,0,0,0,0,0
14,33,56,38,32,12,16,21,18,16,18,24,55,1046,11917,27,1,0,0,0,0,0,0,0,0,0,0,0,0,0
20,30,62,38,28,24,10,13,17,26,21,27,39,950,11904,26,0,0,0,0,0,0,0,0,0,0,0,0,0,0
18,20,43,12,29,30,13,19,13,22,7,17,77,993,11870,47,0,0,0,0,0,0,0,0,0,0,0,0,0,0
31,13,49,31,32,42,19,14,7,17,9,25,72,963,11889,11,0,0,0,0,0,0,0,0,0,0,0,0,0,0
41,24,43,15,23,23,28,13,11,16,12,11,48,974,11943,6,0,0,0,0,0,0,0,0,0,0,0,0,0,0
28,33,42,21,28,17,12,20,20,28,18,20,46,1038,11867,1,0,0,0,0,0,0,0,0,0,0,0,0,0,0
27,17,33,25,20,25,22,18,24,25,20,16,33,1074,11888,2,0,0,0,0,0,0,0,0,0,0,0,0,0,0
32,32,28,16,13,37,20,17,20,20,16,11,32,1011,11862,0,0,0,0,0,0,0,0,0,0,0,0,0,0,0
45,41,29,18,25,27,13,11,29,24,27,14,64,1012,11916,12,0,0,0,0,0,0,0,0,0,0,0,0,0,0
24,39,28,37,28,26,20,20,24,11,13,8,40,1021,11848,25,0,0,0,0,0,0,0,0,0,0,0,0,0,0
28,25,20,25,30,23,9,27,20,12,21,23,33,937,11820,72,0,0,0,0,0,0,0,0,0,0,0,0,0,0
26,21,21,23,27,14,20,24,31,14,22,55,45,980,11727,66,0,0,0,0,0,0,0,0,0,0,0,0,0,0
14,51,19,24,20,19,19,18,19,13,17,55,35,1014,11791,45,0,0,0,0,0,0,0,0,0,0,0,0,0,0
24,71,18,42,23,8,15,20,27,10,18,35,44,992,11911,18,0,0,0,0,0,0,0,0,0,0,0,0,0,0
26,59,30,34,26,17,16,28,11,14,9,30,51,969,11801,43,0,0,0,0,0,0,0,0,0,0,0,0,0,0
25,18,18,25,21,19,13,16,20,11,11,16,38,943,11916,27,0,0,0,0,0,0,0,0,0,0,0,0,0,0
19,23,18,28,16,20,11,22,16,7,15,16,56,947,11850,30,0,0,0,0,0,0,0,0,0,0,0,0,0,0
22,27,24,23,30,28,15,19,11,25,11,22,49,950,11763,12,0,0,0,0,0,0,0,0,0,0,0,0,0,0
36,38,12,19,24,10,15,17,9,13,27,30,39,883,11859,13,0,0,0,0,0,0,0,0,0,0,0,0,0,0
18,20,50,24,13,26,20,13,15,6,30,27,42,976,11834,26,0,0,0,0,0,0,0,0,0,0,0,0,0,0
25,25,44,38,33,26,19,11,11,25,13,15,24,982,11692,49,0,0,0,0,0,0,0,0,0,0,0,0,0,0
28,31,50,21,11,20,24,13,15,25,13,16,39,991,11888,29,0,0,0,0,0,0,0,0,0,0,0,0,0,0
25,39,24,26,12,31,17,23,16,15,26,15,47,907,11941,19,0,0,0,0,0,0,0,0,0,0,0,0,0,0
21,49,10,45,24,45,25,30,22,14,26,27,61,864,11853,30,0,0,0,0,0,0,0,0,0,0,0,0,0,0
34,25,17,30,50,22,26,17,19,30,19,27,39,875,11840,2,0,0,0,0,0,0,0,0,0,0,0,0,0,0
27,12,19,26,37,29,20,16,22,28,18,32,43,985,11819,3,0,0,0,0,0,0,0,0,0,0,0,0,0,0
48,22,20,35,26,25,30,20,20,26,18,25,52,915,11925,5,0,0,0,0,0,0,0,0,0,0,0,0,0,0
50,39,31,40,24,31,17,39,27,16,14,27,21,902,12000,3,0,0,0,0,0,0,0,0,0,0,0,0,0,0
28,30,26,21,22,24,14,25,31,7,9,24,35,892,11881,12,0,0,0,0,0,0,0,0,0,0,0,0,0,0
27,35,20,22,22,19,47,15,22,15,8,24,24,925,11849,16,0,0,0,0,0,0,0,0,0,0,0,0,0,0
59,24,40,21,26,28,23,11,12,11,12,22,18,878,11865,18,0,0,0,0,0,0,0,0,0,0,0,0,0,0
36,18,34,29,19,26,19,16,19,17,9,21,22,884,11895,44,0,0,0,0,0,0,0,0,0,0,0,0,0,0
23,24,56,25,21,13,13,4,30,10,22,44,9,890,11818,40,0,0,0,0,0,0,0,0,0,0,0,0,0,0
18,21,52,17,20,16,26,30,20,19,13,44,39,890,11965,53,0,0,0,0,0,0,0,0,0,0,0,0,0,0
15,37,35,25,16,26,7,22,19,12,20,51,39,884,11885,56,0,0,0,0,0,0,0,0,0,0,0,0,0,0
30,47,18,21,22,15,29,22,16,13,9,51,62,810,11923,63,0,0,0,0,0,0,0,0,0,0,0,0,0,0
21,32,14,25,22,23,29,12,8,16,11,27,52,805,11900,49,0,0,0,0,0,0,0,0,0,0,0,0,0,0
34,30,27,22,38,15,17,22,16,35,10,17,31,784,12033,56,0,0,0,0,0,0,0,0,0,0,0,0,0,0
34,16,18,24,31,15,36,22,12,18,20,36,29,755,11823,51,0,0,0,0,0,0,0,0,0,0,0,0,0,0
35,33,32,17,18,17,11,12,13,16,18,34,43,767,12040,40,0,0,0,0,0,0,0,0,0,0,0,0,0,0
21,36,29,19,18,25,17,19,18,14,12,39,30,764,11933,18,0,0,0,0,0,0,0,0,0,0,0,0,0,0
33,24,15,29,12,23,16,31,12,13,12,18,52,705,12085,7,0,0,0,0,0,0,0,0,0,0,0,0,0,0
44,30,25,9,6,19,26,15,24,17,16,14,30,654,12131,1,0,0,0,0,0,0,0,0,0,0,0,0,0,0
17,20,33,19,25,18,20,17,19,19,16,24,26,577,12093,0,0,0,0,0,0,0,0,0,0,0,0,0,0,0
32,29,30,19,24,37,13,22,25,20,22,27,28,499,12296,0,0,0,0,0,0,0,0,0,0,0,0,0,0,0
22,34,21,16,8,33,11,20,16,33,27,28,27,534,12106,0,0,0,0,0,0,0,0,0,0,0,0,0,0,0
20,36,22,29,22,22,26,21,32,24,22,47,37,518,12176,1,0,0,0,0,0,0,0,0,0,0,0,0,0,0
36,39,23,42,26,25,14,13,32,8,29,22,52,466,12195,7,0,0,0,0,0,0,0,0,0,0,0,0,0,0
12,38,27,49,40,25,16,23,24,18,27,11,23,435,12332,3,0,0,0,0,0,0,0,0,0,0,0,0,0,0
26,16,18,32,18,34,15,19,14,19,16,14,35,395,12288,0,0,0,0,0,0,0,0,0,0,0,0,0,0,0
26,41,24,13,24,26,17,23,14,33,8,9,43,362,12261,1,0,0,0,0,0,0,0,0,0,0,0,0,0,0
19,47,15,33,32,28,13,18,17,40,8,28,29,318,12393,5,0,0,0,0,0,0,0,0,0,0,0,0,0,0
11,34,23,32,44,21,10,32,23,31,9,34,39,291,12341,3,0,0,0,0,0,0,0,0,0,0,0,0,0,0
29,32,22,12,16,18,18,27,20,18,8,25,13,255,12359,0,0,0,0,0,0,0,0,0,0,0,0,0,0,0
19,25,29,16,27,24,10,16,27,11,18,32,23,297,12454,2,0,0,0,0,0,0,0,0,0,0,0,0,0,0
21,21,24,15,23,22,25,22,11,22,14,29,38,284,12388,5,0,0,0,0,0,0,0,0,0,0,0,0,0,0
28,39,22,16,37,29,8,15,27,13,13,35,56,260,12300,5,0,0,0,0,0,0,0,0,0,0,0,0,0,0
35,66,40,25,34,15,18,19,51,7,13,31,62,256,12313,20,0,0,0,0,0,0,0,0,0,0,0,0,0,0
46,37,39,31,23,16,17,25,34,19,8,28,32,246,12398,15,0,0,0,0,0,0,0,0,0,0,0,0,0,0
25,24,20,19,26,16,28,19,24,17,19,16,39,228,12428,3,0,0,0,0,0,0,0,0,0,0,0,0,0,0
22,25,28,20,21,22,21,10,8,8,10,11,40,181,12443,3,0,0,0,0,0,0,0,0,0,0,0,0,0,0
21,44,18,26,25,13,20,5,15,7,15,21,40,147,12465,7,0,0,0,0,0,0,0,0,0,0,0,0,0,0
29,32,17,24,15,20,17,24,12,11,20,31,43,118,12541,5,0,0,0,0,0,0,0,0,0,0,0,0,0,0
35,18,29,11,20,12,21,18,17,9,19,14,36,127,12524,3,0,0,0,0,0,0,0,0,0,0,0,0,0,0
14,21,13,21,15,18,23,9,21,25,14,18,39,133,12447,2,0,0,0,0,0,0,0,0,0,0,0,0,0,0
21,18,18,21,14,23,28,31,33,17,21,34,45,107,12436,25,0,0,0,0,0,0,0,0,0,0,0,0,0,0
14,30,26,28,17,19,17,31,17,16,30,24,68,80,12383,38,0,0,0,0,0,0,0,0,0,0,0,0,0,0
13,31,22,21,19,31,25,17,17,20,19,18,63,110,12398,56,0,0,0,0,0,0,0,0,0,0,0,0,0,0
27,40,22,18,22,38,28,24,12,25,18,19,62,126,12423,129,0,0,0,0,0,0,0,0,0,0,0,0,0,0
33,20,40,26,18,21,25,21,9,38,10,22,42,133,12502,124,0,0,0,0,0,0,0,0,0,0,0,0,0,0
24,28,22,28,17,17,25,23,12,13,15,17,24,118,12244,129,0,0,0,0,0,0,0,0,0,0,0,0,0,0
24,21,18,33,25,23,20,25,12,22,19,16,26,67,12438,107,0,0,0,0,0,0,0,0,0,0,0,0,0,0
29,14,13,23,32,11,14,23,18,10,18,8,15,79,12511,114,0,0,0,0,0,0,0,0,0,0,0,0,0,0
23,21,20,14,28,11,18,36,24,9,25,24,17,80,12492,84,0,0,0,0,0,0,0,0,0,0,0,0,0,0
33,33,19,27,38,19,10,29,32,7,6,25,30,34,12411,81,0,0,0,0,0,0,0,0,0,0,0,0,0,0
26,56,13,13,31,14,12,13,17,16,22,24,28,68,12481,83,0,0,0,0,0,0,0,0,0,0,0,0,0,0
39,36,24,25,39,29,9,21,24,12,21,19,28,104,12376,123,0,0,0,0,0,0,0,0,0,0,0,0,0,0
38,37,15,11,34,26,12,24,29,8,5,10,9,93,12449,80,0,0,0,0,0,0,0,0,0,0,0,0,0,0
33,23,24,17,15,19,21,25,37,8,12,10,24,74,12484,100,0,0,0,0,0,0,0,0,0,0,0,0,0,0
49,25,17,23,25,15,19,23,40,33,10,5,14,60,12454,110,0,0,0,0,0,0,0,0,0,0,0,0,0,0
49,33,31,29,30,18,13,23,25,8,22,20,26,45,12504,79,0,0,0,0,0,0,0,0,0,0,0,0,0,0
52,16,28,20,34,31,13,16,27,14,14,20,43,57,12567,61,0,0,0,0,0,0,0,0,0,0,0,0,0,0
40,15,12,27,25,31,20,21,15,13,19,21,27,100,12448,77,0,0,0,0,0,0,0,0,0,0,0,0,0,0
27,23,24,29,31,20,26,20,16,12,20,19,34,80,12536,98,0,0,0,0,0,0,0,0,0,0,0,0,0,0
27,17,30,31,21,9,14,31,26,12,25,15,47,37,12465,84,0,0,0,0,0,0,0,0,0,0,0,0,0,0
36,25,25,34,46,13,15,29,19,12,12,14,38,69,12506,69,0,0,0,0,0,0,0,0,0,0,0,0,0,0
36,27,25,39,41,15,33,29,14,9,11,24,36,64,12594,50,0,0,0,0,0,0,0,0,0,0,0,0,0,0
27,25,21,31,22,16,29,24,23,19,14,23,40,35,12606,80,0,0,0,0,0,0,0,0,0,0,0,0,0,0
27,28,8,40,20,15,29,18,11,18,21,25,62,29,12490,50,0,0,0,0,0,0,0,0,0,0,0,0,0,0
21,13,16,31,13,29,18,28,11,20,15,18,46,67,12613,111,0,0,0,0,0,0,0,0,0,0,0,0,0,0
21,18,13,37,30,29,28,12,11,16,24,35,31,114,12304,170,0,0,0,0,0,0,0,0,0,0,0,0,0,0
17,40,28,34,17,35,22,40,5,6,19,26,30,87,12378,221,0,0,0,0,0,0,0,0,0,0,0,0,0,0
19,59,20,42,21,18,25,19,18,12,12,18,19,113,12234,262,2,0,0,0,0,0,0,0,0,0,0,0,0,0
12,53,14,42,16,27,16,15,21,14,25,27,27,147,12135,367,1,0,0,0,0,0,0,0,0,0,0,0,0,0
23,30,23,44,28,22,24,12,10,17,17,31,21,88,12247,320,0,0,0,0,0,0,0,0,0,0,0,0,0,0
14,37,16,35,20,16,24,10,24,20,30,19,23,85,12193,265,0,0,0,0,0,0,0,0,0,0,0,0,0,0
31,32,30,22,14,11,17,18,20,19,22,21,15,124,12290,282,0,0,0,0,0,0,0,0,0,0,0,0,0,0
31,18,18,16,8,14,8,15,17,16,36,17,16,58,12315,229,0,0,0,0,0,0,0,0,0,0,0,0,0,0
19,8,16,19,17,25,12,24,14,36,19,29,19,40,12291,254,0,0,0,0,0,0,0,0,0,0,0,0,0,0
32,18,19,34,25,16,11,26,12,19,16,36,31,85,12219,204,0,0,0,0,0,0,0,0,0,0,0,0,0,0
26,26,23,21,30,15,17,15,12,14,17,24,32,57,12303,257,0,0,0,0,0,0,0,0,0,0,0,0,0,0
19,37,16,19,35,25,20,19,21,26,13,25,19,26,12132,354,0,0,0,0,0,0,0,0,0,0,0,0,0,0
21,38,21,15,29,19,19,26,16,9,7,21,25,32,12020,461,0,0,0,0,0,0,0,0,0,0,0,0,0,0
30,44,13,13,21,24,10,24,14,13,5,19,27,38,11886,524,0,0,0,0,0,0,0,0,0,0,0,0,0,0
32,27,24,13,33,16,14,24,12,11,12,27,46,35,11629,689,0,0,0,0,0,0,0,0,0,0,0,0,0,0
24,26,22,29,42,12,10,10,6,12,14,33,48,43,11866,654,0,0,0,0,0,0,0,0,0,0,0,0,0,0
18,30,35,17,52,32,29,24,6,16,6,7,37,63,12011,446,0,0,0,0,0,0,0,0,0,0,0,0,0,0
24,38,20,29,30,29,25,33,20,19,18,19,17,92,12072,485,0,0,0,0,0,0,0,0,0,0,0,0,0,0
21,28,14,29,34,27,25,25,25,17,15,24,26,33,12089,590,0,0,0,0,0,0,0,0,0,0,0,0,0,0
68,41,30,29,41,34,29,17,23,5,9,38,27,16,11948,589,0,0,0,0,0,0,0,0,0,0,0,0,0,0
37,24,29,24,28,36,24,14,16,18,10,19,32,19,11895,532,0,0,0,0,0,0,0,0,0,0,0,0,0,0
37,21,52,35,29,26,18,21,39,36,21,28,41,23,12100,544,0,0,0,0,0,0,0,0,0,0,0,0,0,0
37,20,48,31,30,17,12,15,29,24,24,44,24,27,12236,403,0,0,0,0,0,0,0,0,0,0,0,0,0,0
29,28,32,33,24,22,22,20,26,31,13,28,36,36,12173,377,0,0,0,0,0,0,0,0,0,0,0,0,0,0
24,33,47,63,32,19,17,16,28,25,8,32,34,21,12261,341,0,0,0,0,0,0,0,0,0,0,0,0,0,0
16,35,49,46,24,26,20,17,24,11,23,20,48,31,12068,404,0,0,0,0,0,0,0,0,0,0,0,0,0,0
32,35,26,38,21,46,21,20,16,13,35,21,37,37,12111,430,0,0,0,0,0,0,0,0,0,0,0,0,0,0
22,23,32,42,16,16,21,29,9,13,13,16,19,33,12113,400,0,0,0,0,0,0,0,0,0,0,0,0,0,0
21,33,36,58,24,30,35,37,26,16,22,19,21,40,12212,312,0,0,0,0,0,0,0,0,0,0,0,0,0,0
20,28,27,37,36,18,25,26,10,15,28,8,19,17,12306,266,0,0,0,0,0,0,0,0,0,0,0,0,0,0
37,19,13,10,29,11,11,38,13,20,29,30,11,18,12152,285,0,0,0,0,0,0,0,0,0,0,0,0,0,0
47,25,23,31,11,16,23,25,9,12,17,9,13,70,12208,250,0,0,0,0,0,0,0,0,0,0,0,0,0,0
41,21,22,23,24,20,30,18,11,13,13,16,17,68,12381,189,0,0,0,0,0,0,0,0,0,0,0,0,0,0
29,25,28,19,27,20,39,18,14,41,19,23,7,50,12290,173,0,0,0,0,0,0,0,0,0,0,0,0,0,0
41,21,26,19,15,19,21,24,6,33,21,23,17,56,12493,177,0,0,0,0,0,0,0,0,0,0,0,0,0,0
39,21,17,16,17,18,11,19,13,24,22,28,23,59,12369,161,0,0,0,0,0,0,0,0,0,0,0,0,0,0
29,17,35,26,18,16,22,22,20,10,20,20,31,64,12344,185,0,0,0,0,0,0,0,0,0,0,0,0,0,0
28,35,21,32,23,14,19,17,9,9,19,17,21,48,12203,377,0,0,0,0,0,0,0,0,0,0,0,0,0,0
29,29,18,20,22,21,25,24,7,6,13,28,35,56,12038,510,0,0,0,0,0,0,0,0,0,0,0,0,0,0
34,22,15,20,33,25,29,27,22,17,29,22,21,92,12116,418,0,0,0,0,0,0,0,0,0,0,0,0,0,0
39,25,25,33,33,24,17,25,16,11,18,18,20,92,12134,394,0,0,0,0,0,0,0,0,0,0,0,0,0,0
51,19,37,21,19,22,14,25,24,14,14,11,29,53,12131,367,0,0,0,0,0,0,0,0,0,0,0,0,0,0
48,31,16,27,31,23,24,30,24,10,19,9,36,37,12025,433,0,0,0,0,0,0,0,0,0,0,0,0,0,0
32,15,23,24,13,11,9,10,26,7,26,16,20,54,12131,427,0,0,0,0,0,0,0,0,0,0,0,0,0,0
35,13,29,30,32,13,23,23,19,10,20,18,35,67,11991,512,0,0,0,0,0,0,0,0,0,0,0,0,0,0
19,5,30,11,20,20,22,22,19,15,20,21,25,89,11922,424,0,0,0,0,0,0,0,0,0,0,0,0,0,0
20,22,28,21,18,17,14,28,14,3,15,17,24,97,11973,393,3,0,0,0,0,0,0,0,0,0,0,0,0,0
40,13,23,24,23,21,26,38,19,13,17,22,10,100,11892,560,1,0,0,0,0,0,0,0,0,0,0,0,0,0
51,15,22,7,25,22,27,32,21,18,12,37,19,87,11971,452,0,0,0,0,0,0,0,0,0,0,0,0,0,0
32,18,28,14,18,26,18,22,12,25,5,22,18,89,11910,541,0,0,0,0,0,0,0,0,0,0,0,0,0,0
25,28,33,23,17,16,20,11,20,34,15,22,9,61,11850,649,0,0,0,0,0,0,0,0,0,0,0,0,0,0
26,34,55,14,22,10,15,14,25,14,12,24,23,57,11758,724,0,0,0,0,0,0,0,0,0,0,0,0,0,0
14,27,22,20,12,40,28,16,28,20,13,26,22,60,11813,624,1,1,0,0,0,0,0,0,0,0,0,0,0,0
21,34,12,20,24,23,10,9,36,4,24,38,17,58,11951,517,1,0,1,0,0,0,0,0,0,0,0,0,0,0
34,31,21,12,27,31,24,9,21,15,30,31,18,33,11981,486,0,0,0,0,0,0,0,0,0,0,0,0,0,0
50,18,13,14,14,30,39,26,27,17,34,19,23,36,12171,454,0,0,0,0,0,0,0,0,0,0,0,0,0,0
29,18,30,28,25,20,30,19,28,13,30,31,15,39,12104,465,0,0,0,0,0,0,0,0,0,0,0,0,0,0
37,35,16,31,17,22,27,14,6,11,23,29,15,36,11930,554,0,0,0,0,0,0,0,0,0,0,0,0,0,0
40,24,13,16,31,31,23,17,14,15,13,23,21,35,12059,548,0,0,0,0,0,0,0,0,0,0,0,0,0,0
45,29,27,9,27,26,25,10,23,11,12,14,25,66,11855,537,0,0,0,0,0,0,0,0,0,0,0,0,0,0
21,47,17,25,18,25,29,14,15,21,12,11,37,60,11955,517,0,0,0,0,0,0,0,0,0,0,0,0,0,0
27,43,23,26,21,25,36,22,18,24,13,14,29,22,12028,497,0,0,0,0,0,0,0,0,0,0,0,0,0,0
31,38,16,29,14,32,26,27,6,23,12,31,32,35,11932,588,0,0,0,0,0,0,0,0,0,0,0,0,0,0
19,28,16,36,21,23,26,33,21,14,18,23,29,68,11690,724,0,0,0,0,0,0,0,0,0,0,0,0,0,0
24,45,16,14,20,18,19,25,20,28,9,19,29,89,11887,600,0,0,0,0,0,0,0,0,0,0,0,0,0,0
28,36,33,31,24,15,19,20,16,19,14,17,18,94,11991,530,0,0,0,0,0,0,0,0,0,0,0,0,0,0
30,55,35,26,16,21,34,21,30,29,9,20,19,26,12094,525,0,0,0,0,0,0,0,0,0,0,0,0,0,0
27,32,16,40,26,23,17,15,23,16,14,20,33,33,11947,530,2,0,0,0,0,0,0,0,0,0,0,0,0,0
30,21,21,25,31,19,29,28,21,16,13,18,26,55,11999,522,4,0,0,0,0,0,0,0,0,0,0,0,0,0
46,29,27,20,26,22,31,19,14,16,20,26,12,53,11968,516,7,0,0,0,0,0,0,0,0,0,0,0,0,0
53,27,15,17,20,22,27,25,15,14,15,26,37,36,11801,575,13,0,0,0,0,0,0,0,0,0,0,0,0,0
53,35,13,23,31,20,21,18,20,37,16,26,43,75,11963,539,40,0,0,0,0,0,0,0,0,0,0,0,0,0
14,26,19,13,24,17,14,28,12,25,15,15,39,79,12090,430,24,0,0,0,0,0,0,0,0,0,0,0,0,0
18,20,16,23,13,24,16,14,20,22,10,12,37,77,12142,335,14,0,0,0,0,0,0,0,0,0,0,0,0,0
28,10,21,40,30,23,20,18,26,17,9,23,11,74,12289,310,4,0,0,0,0,0,0,0,0,0,0,0,0,0
21,14,24,37,26,23,15,27,12,24,15,33,20,103,12280,230,0,0,0,0,0,0,0,0,0,0,0,0,0,0
24,25,31,32,23,27,7,27,10,16,12,30,30,57,12337,199,0,0,0,0,0,0,0,0,0,0,0,0,0,0
24,33,25,21,10,22,13,16,22,14,20,25,32,70,12248,252,0,0,0,0,0,0,0,0,0,0,0,0,0,0
33,44,55,39,28,25,12,29,14,9,25,24,39,106,12255,300,0,0,0,0,0,0,0,0,0,0,0,0,0,0
16,43,30,49,16,38,22,21,32,15,14,27,58,96,12125,369,0,0,0,0,0,0,0,0,0,0,0,0,0,0
11,28,24,44,25,21,21,22,13,19,26,17,32,53,12085,366,0,0,0,0,0,0,0,0,0,0,0,0,0,0
14,32,16,40,28,18,19,16,16,23,28,18,28,51,12075,382,0,0,0,0,0,0,0,0,0,0,0,0,0,0
22,31,15,31,14,24,11,31,14,8,11,12,19,69,12233,345,0,0,0,0,0,0,0,0,0,0,0,0,0,0
38,31,8,32,20,39,32,27,20,15,9,15,40,59,12055,337,0,0,0,0,0,0,0,0,0,0,0,0,0,0
24,38,36,23,28,34,15,17,14,17,10,8,35,53,12183,354,0,0,0,0,0,0,0,0,0,0,0,0,0,0
17,22,27,29,28,23,20,6,6,28,15,20,25,67,12079,423,0,0,0,0,0,0,0,0,0,0,0,0,0,0
20,33,33,28,21,24,21,14,17,24,9,17,17,62,12144,372,0,0,0,0,0,0,0,0,0,0,0,0,0,0
19,38,22,30,15,28,11,16,21,20,16,26,31,58,12136,407,0,0,0,0,0,0,0,0,0,0,0,0,0,0
30,34,28,29,9,19,23,27,15,13,8,52,37,77,12179,378,0,0,0,0,0,0,0,0,0,0,0,0,0,0
21,31,26,22,19,22,11,25,12,18,29,42,51,66,12180,437,1,0,0,0,0,0,0,0,0,0,0,0,0,0
29,26,30,31,18,17,8,22,15,9,30,24,21,83,12180,370,0,0,0,0,0,0,0,0,0,0,0,0,0,0
48,38,26,54,18,19,21,15,19,21,20,30,32,90,11912,492,0,0,0,0,0,0,0,0,0,0,0,0,0,0
14,23,21,27,17,26,20,12,20,16,23,12,27,81,11852,444,0,0,0,0,0,0,0,0,0,0,0,0,0,0
27,31,38,30,19,32,24,15,21,16,17,21,21,68,11988,452,1,0,0,0,0,0,0,0,0,0,0,0,0,0
28,19,22,16,11,23,27,19,20,19,14,21,37,75,11989,427,3,0,0,0,0,0,0,0,0,0,0,0,0,0
25,20,20,15,18,42,15,22,18,16,17,21,40,62,12146,367,1,0,0,0,0,0,0,0,0,0,0,0,0,0
26,27,22,9,27,29,17,14,21,19,15,22,59,53,12096,427,1,0,0,0,0,0,0,0,0,0,0,0,0,0
33,25,26,15,29,25,24,19,15,23,6,27,30,70,11992,501,2,0,0,0,0,0,0,0,0,0,0,0,0,0
31,28,26,14,41,30,21,19,24,12,14,12,45,44,11935,524,3,0,0,0,0,0,0,0,0,0,0,0,0,0
26,26,26,19,30,15,22,14,21,17,23,26,40,53,11933,631,1,0,0,0,0,0,0,0,0,0,0,0,0,0
36,32,20,21,22,29,23,21,27,36,10,23,32,67,11939,576,0,0,0,0,0,0,0,0,0,0,0,0,0,0
12,73,13,23,19,13,27,42,9,36,23,8,23,70,12005,466,0,0,0,0,0,0,0,0,0,0,0,0,0,0
30,52,18,23,11,26,26,45,21,22,20,33,21,90,11918,487,0,0,0,0,0,0,0,0,0,0,0,0,0,0
18,57,36,21,10,15,29,18,19,33,21,23,16,44,12039,462,0,0,0,0,0,0,0,0,0,0,0,0,0,0
29,43,26,12,15,23,15,29,23,30,11,26,17,46,12104,438,0,0,0,0,0,0,0,0,0,0,0,0,0,0
28,23,27,19,16,32,23,20,9,21,17,27,29,47,12057,482,0,0,0,0,0,0,0,0,0,0,0,0,0,0
15,28,12,17,15,22,28,21,10,13,7,25,40,37,12168,452,1,0,0,0,0,0,0,0,0,0,0,0,0,0
43,35,16,24,27,23,20,14,23,19,11,17,23,17,12087,437,0,0,0,0,0,0,0,0,0,0,0,0,0,0
31,56,21,13,21,28,23,6,12,22,19,12,18,33,12397,318,0,0,0,0,0,0,0,0,0,0,0,0,0,0
33,26,22,16,25,18,33,17,20,10,15,7,26,41,12248,344,0,0,0,0,0,0,0,0,0,0,0,0,0,0
21,25,31,18,32,23,27,43,18,15,15,16,48,57,12014,522,0,0,0,0,0,0,0,0,0,0,0,0,0,0
14,44,26,17,30,23,13,48,11,23,12,26,41,29,11713,672,0,0,0,0,0,0,0,0,0,0,0,0,0,0
23,57,37,32,21,14,21,23,14,12,14,14,45,63,11530,725,0,0,0,0,0,0,0,0,0,0,0,0,0,0
18,42,26,53,25,9,44,47,10,15,25,3,27,42,11808,646,0,0,0,0,0,0,0,0,0,0,0,0,0,0
33,63,24,28,25,13,18,51,25,4,28,16,24,59,11915,611,0,0,0,0,0,0,0,0,0,0,0,0,0,0
32,41,15,31,34,20,23,29,27,14,29,15,36,80,11851,637,1,0,0,0,0,0,0,0,0,0,0,0,0,0
18,23,21,16,34,17,24,42,16,10,19,9,28,54,11948,614,0,0,0,0,0,0,0,0,0,0,0,0,0,0
22,29,19,23,51,19,49,38,25,12,20,11,27,67,11961,540,0,0,0,0,0,0,0,0,0,0,0,0,0,0
26,20,26,22,25,27,19,33,10,14,17,23,27,72,12035,509,0,0,0,0,0,0,0,0,0,0,0,0,0,0
20,20,31,21,33,26,23,19,12,8,22,33,23,49,12223,351,0,0,0,0,0,0,0,0,0,0,0,0,0,0
19,38,26,22,32,27,38,33,15,20,30,8,47,73,12284,296,0,0,0,0,0,0,0,0,0,0,0,0,0,0
21,34,40,32,21,38,11,23,13,15,25,7,31,29,12486,161,0,0,0,0,0,0,0,0,0,0,0,0,0,0
22,34,35,28,9,39,20,13,17,13,13,11,19,23,12482,81,0,0,0,0,0,0,0,0,0,0,0,0,0,0
20,31,21,13,23,30,17,19,14,19,12,9,14,49,12568,22,0,0,0,0,0,0,0,0,0,0,0,0,0,0
36,43,27,20,29,22,10,14,19,15,20,23,13,69,12647,20,0,0,0,0,0,0,0,0,0,0,0,0,0,0
32,15,30,9,22,33,13,22,31,20,11,10,18,102,12552,3,0,0,0,0,0,0,0,0,0,0,0,0,0,0
29,25,17,19,15,36,19,24,20,29,12,9,16,73,12560,2,0,0,0,0,0,0,0,0,0,0,0,0,0,0
36,38,19,16,18,17,17,43,25,23,13,19,24,25,12492,7,0,0,0,0,0,0,0,0,0,0,0,0,0,0
32,14,20,18,17,12,34,22,22,20,17,37,55,33,12511,0,0,0,0,0,0,0,0,0,0,0,0,0,0,0
32,24,25,12,33,23,33,21,34,24,17,33,40,26,12557,0,0,0,0,0,0,0,0,0,0,0,0,0,0,0
30,19,25,18,27,18,31,13,18,30,15,31,42,56,12634,0,0,0,0,0,0,0,0,0,0,0,0,0,0,0
52,26,13,15,29,29,29,16,8,30,17,45,31,75,12662,1,0,0,0,0,0,0,0,0,0,0,0,0,0,0
26,26,30,35,22,20,26,23,11,22,27,10,44,66,12473,0,0,0,0,0,0,0,0,0,0,0,0,0,0,0
29,12,23,26,14,17,12,13,10,27,23,28,38,97,12584,0,0,0,0,0,0,0,0,0,0,0,0,0,0,0
28,25,37,39,13,23,14,15,17,20,34,29,32,64,12464,0,0,0,0,0,0,0,0,0,0,0,0,0,0,0
63,24,41,41,19,20,24,15,10,31,34,38,19,65,12528,0,0,0,0,0,0,0,0,0,0,0,0,0,0,0
20,16,44,32,16,21,19,20,18,31,28,11,38,71,12451,0,0,0,0,0,0,0,0,0,0,0,0,0,0,0
29,41,22,35,20,24,12,18,17,18,14,15,32,55,12501,12,0,0,0,0,0,0,0,0,0,0,0,0,0,0
43,53,22,15,15,26,8,21,5,20,14,9,63,29,12473,7,0,0,0,0,0,0,0,0,0,0,0,0,0,0
23,48,20,14,17,29,20,30,4,15,19,19,54,36,12621,17,0,0,0,0,0,0,0,0,0,0,0,0,0,0
51,29,26,23,22,35,15,25,11,27,16,6,48,24,12496,29,0,0,0,0,0,0,0,0,0,0,0,0,0,0
50,38,11,30,24,25,16,21,23,24,23,20,31,52,12417,42,0,0,0,0,0,0,0,0,0,0,0,0,0,0
19,69,19,24,43,13,16,19,23,27,9,19,41,82,12532,45,0,0,0,0,0,0,0,0,0,0,0,0,0,0
33,72,23,31,44,33,16,15,23,21,15,18,23,50,12567,82,0,0,0,0,0,0,0,0,0,0,0,0,0,0
18,20,35,20,35,34,27,13,18,26,24,21,32,21,12403,95,0,0,0,0,0,0,0,0,0,0,0,0,0,0
40,32,28,12,29,25,34,27,22,12,14,17,37,22,12519,83,0,0,0,0,0,0,0,0,0,0,0,0,0,0
37,34,42,30,23,11,12,32,18,8,38,33,37,27,12413,133,0,0,0,0,0,0,0,0,0,0,0,0,0,0
27,42,37,16,37,13,20,38,23,17,23,15,36,28,12470,119,0,0,0,0,0,0,0,0,0,0,0,0,0,0
26,18,20,25,23,26,30,34,15,15,29,22,31,46,12370,191,0,0,0,0,0,0,0,0,0,0,0,0,0,0
27,13,37,35,18,32,26,19,18,20,19,11,15,31,12412,190,0,0,0,0,0,0,0,0,0,0,0,0,0,0
27,17,46,17,30,10,23,20,13,8,21,26,38,49,12370,216,0,0,0,0,0,0,0,0,0,0,0,0,0,0
42,26,36,20,35,10,14,23,29,10,11,20,48,44,12360,218,0,0,0,0,0,0,0,0,0,0,0,0,0,0
38,25,27,24,34,11,21,16,35,17,20,12,29,28,12327,249,0,0,0,0,0,0,0,0,0,0,0,0,0,0
19,18,29,15,47,20,31,25,21,18,25,19,23,19,12548,181,0,0,0,0,0,0,0,0,0,0,0,0,0,0
40,28,41,27,36,17,24,15,13,14,25,27,24,21,12461,128,0,0,0,0,0,0,0,0,0,0,0,0,0,0
27,28,39,28,33,26,44,13,11,21,22,25,28,31,12568,88,0,0,0,0,0,0,0,0,0,0,0,0,0,0
53,29,36,22,34,31,31,14,22,17,21,33,28,24,12519,93,0,0,0,0,0,0,0,0,0,0,0,0,0,0
36,17,30,36,21,22,43,23,14,12,15,12,18,38,12505,98,0,0,0,0,0,0,0,0,0,0,0,0,0,0
31,13,23,20,23,18,28,22,12,18,11,13,8,22,12610,67,0,0,0,0,0,0,0,0,0,0,0,0,0,0
25,27,16,26,14,14,30,15,17,14,17,3,30,18,12566,69,0,0,0,0,0,0,0,0,0,0,0,0,0,0
28,18,15,48,33,20,15,29,27,22,5,20,27,10,12480,70,0,0,0,0,0,0,0,0,0,0,0,0,0,0
23,15,19,28,39,14,22,19,16,23,10,19,38,58,12508,63,0,0,0,0,0,0,0,0,0,0,0,0,0,0
21,36,24,56,32,23,20,11,15,9,13,11,23,43,12507,70,0,0,0,0,0,0,0,0,0,0,0,0,0,0
23,33,27,25,14,25,19,13,14,21,11,19,22,45,12517,56,0,0,0,0,0,0,0,0,0,0,0,0,0,0
31,26,18,21,12,28,20,22,10,16,20,13,40,89,12410,53,0,0,0,0,0,0,0,0,0,0,0,0,0,0
28,10,40,15,23,21,17,18,22,13,19,24,35,55,12567,37,0,0,0,0,0,0,0,0,0,0,0,0,0,0
34,25,31,22,34,24,17,21,26,26,19,20,31,60,12511,17,0,0,0,0,0,0,0,0,0,0,0,0,0,0
22,20,30,33,26,22,18,22,10,22,12,25,17,49,12565,29,0,0,0,0,0,0,0,0,0,0,0,0,0,0
18,50,24,18,19,20,23,12,5,16,19,30,39,33,12642,30,0,0,0,0,0,0,0,0,0,0,0,0,0,0
25,33,17,39,23,14,23,17,8,14,15,34,33,40,12464,62,0,0,0,0,0,0,0,0,0,0,0,0,0,0
15,33,28,22,26,26,10,16,24,11,24,22,36,54,12512,71,0,0,0,0,0,0,0,0,0,0,0,0,0,0
21,58,25,16,38,28,13,29,23,19,32,20,38,78,12377,107,0,0,0,0,0,0,0,0,0,0,0,0,0,0
21,49,23,37,20,67,16,24,22,25,55,14,36,60,12498,97,0,0,0,0,0,0,0,0,0,0,0,0,0,0
5,34,57,29,19,41,23,43,36,14,32,17,29,63,12469,103,0,0,0,0,0,0,0,0,0,0,0,0,0,0
24,17,36,17,29,43,18,27,17,19,17,18,47,88,12400,125,0,0,0,0,0,0,0,0,0,0,0,0,0,0
44,25,41,22,31,57,34,49,42,16,18,25,39,132,12440,138,0,0,0,0,0,0,0,0,0,0,0,0,0,0
36,15,25,27,19,41,19,21,54,16,17,22,22,81,12301,259,0,0,0,0,0,0,0,0,0,0,0,0,0,0
43,9,26,26,32,27,12,19,46,8,19,27,25,87,12166,302,0,0,0,0,0,0,0,0,0,0,0,0,0,0
38,15,21,24,15,23,24,38,28,21,20,23,46,80,12282,215,0,0,0,0,0,0,0,0,0,0,0,0,0,0
33,20,32,16,18,29,35,13,15,11,30,21,38,97,12394,165,0,0,0,0,0,0,0,0,0,0,0,0,0,0
39,25,28,20,33,22,23,6,29,17,25,19,32,107,12268,221,0,0,0,0,0,0,0,0,0,0,0,0,0,0
31,36,34,21,38,40,27,24,20,18,14,15,22,60,12321,170,0,0,0,0,0,0,0,0,0,0,0,0,0,0
23,27,30,39,26,24,17,26,43,18,22,19,28,51,12436,127,0,0,0,0,0,0,0,0,0,0,0,0,0,0
21,47,30,32,29,36,24,24,30,15,32,19,46,60,12370,126,0,0,0,0,0,0,0,0,0,0,0,0,0,0
21,45,30,22,15,25,21,14,7,29,29,17,46,67,12464,147,0,0,0,0,0,0,0,0,0,0,0,0,0,0
13,36,12,29,10,28,9,19,14,24,21,15,46,55,12276,163,0,0,0,0,0,0,0,0,0,0,0,0,0,0
15,17,12,17,21,22,29,10,18,32,15,25,41,73,12425,122,0,0,0,0,0,0,0,0,0,0,0,0,0,0
36,15,29,19,8,30,36,24,34,31,12,17,42,56,12497,88,0,0,0,0,0,0,0,0,0,0,0,0,0,0
32,10,29,25,9,21,24,28,16,15,28,18,31,53,12405,69,0,0,0,0,0,0,0,0,0,0,0,0,0,0
21,10,32,32,22,15,24,12,15,12,20,14,18,58,12275,130,0,0,0,0,0,0,0,0,0,0,0,0,0,0
22,30,23,14,21,9,31,18,11,14,23,28,23,47,12330,172,0,0,0,0,0,0,0,0,0,0,0,0,0,0
20,34,18,8,17,27,25,24,6,13,21,33,42,87,12415,112,0,0,0,0,0,0,0,0,0,0,0,0,0,0
19,27,14,16,23,24,37,20,14,22,18,18,32,82,12331,159,0,0,0,0,0,0,0,0,0,0,0,0,0,0
25,16,27,16,26,22,23,15,17,21,18,23,36,72,12445,165,0,0,0,0,0,0,0,0,0,0,0,0,0,0
20,32,35,21,20,31,22,23,7,16,20,30,36,68,12384,152,0,0,0,0,0,0,0,0,0,0,0,0,0,0
18,43,23,25,21,21,8,7,8,8,20,32,27,69,12371,221,0,0,0,0,0,0,0,0,0,0,0,0,0,0
38,15,26,40,16,12,13,11,16,27,38,36,29,64,12337,211,0,0,0,0,0,0,0,0,0,0,0,0,0,0
25,9,21,24,28,22,12,27,18,7,17,27,16,59,12347,134,0,0,0,0,0,0,0,0,0,0,0,0,0,0
39,15,31,38,24,22,15,24,21,15,19,23,17,50,12542,98,1,0,0,0,0,0,0,0,0,0,0,0,0,0
53,9,22,14,23,14,26,19,7,15,18,53,19,41,12470,56,0,0,0,0,0,0,0,0,0,0,0,0,0,0
32,26,24,20,30,26,15,38,7,28,22,50,30,79,12489,22,0,0,0,0,0,0,0,0,0,0,0,0,0,0
39,33,45,24,13,39,17,29,16,18,13,34,35,95,12524,38,0,0,0,0,0,0,0,0,0,0,0,0,0,0
46,30,15,23,28,17,36,26,10,13,11,51,37,104,12426,31,0,0,0,0,0,0,0,0,0,0,0,0,0,0
28,35,26,28,34,25,19,23,23,11,9,46,24,55,12625,31,0,0,0,0,0,0,0,0,0,0,0,0,0,0
11,22,35,27,26,25,27,24,26,14,1,39,35,50,12469,28,0,0,0,0,0,0,0,0,0,0,0,0,0,0
17,28,28,35,31,31,28,22,12,19,12,13,20,83,12478,16,0,0,0,0,0,0,0,0,0,0,0,0,0,0
22,32,17,16,23,46,11,10,8,11,10,35,20,44,12478,9,0,0,0,0,0,0,0,0,0,0,0,0,0,0
28,32,27,33,15,32,16,22,17,9,19,26,23,49,12465,3,0,0,0,0,0,0,0,0,0,0,0,0,0,0
32,33,15,25,14,29,18,28,23,13,17,20,20,51,12582,2,0,0,0,0,0,0,0,0,0,0,0,0,0,0
28,24,26,27,27,18,23,12,16,16,23,14,30,47,12526,10,1,0,0,0,0,0,0,0,0,0,0,0,0,0
34,31,11,26,27,19,31,9,14,11,19,15,20,78,12472,7,0,0,0,0,0,0,0,0,0,0,0,0,0,0
34,27,28,22,19,18,21,13,9,25,10,23,22,65,12634,25,3,0,0,0,0,0,0,0,0,0,0,0,0,0
34,21,28,36,26,36,27,17,32,19,11,28,17,83,12498,12,0,0,0,0,0,0,0,0,0,0,0,0,0,0
19,31,19,31,19,31,47,15,32,39,14,19,12,108,12528,10,0,0,0,0,0,0,0,0,0,0,0,0,0,0
25,22,22,18,25,37,34,14,25,21,14,7,21,137,12465,2,0,0,0,0,0,0,0,0,0,0,0,0,0,0
28,27,16,15,22,42,19,11,19,12,14,17,27,158,12411,0,0,0,0,0,0,0,0,0,0,0,0,0,0,0
9,28,29,12,18,35,6,25,15,7,16,12,31,165,12439,1,0,0,0,0,0,0,0,0,0,0,0,0,0,0
29,31,16,34,29,22,23,25,29,13,25,16,33,84,12354,4,0,0,0,0,0,0,0,0,0,0,0,0,0,0
33,31,4,17,19,46,23,10,10,13,15,17,24,76,12486,4,0,0,0,0,0,0,0,0,0,0,0,0,0,0
41,43,20,13,26,45,16,22,22,17,15,32,12,85,12616,6,0,0,0,0,0,0,0,0,0,0,0,0,0,0
29,24,19,16,20,27,20,20,26,18,23,19,22,95,12450,10,0,0,0,0,0,0,0,0,0,0,0,0,0,0
29,61,23,31,16,16,21,29,17,11,21,36,27,85,12615,9,0,0,0,0,0,0,0,0,0,0,0,0,0,0
33,42,30,23,18,18,23,18,26,22,13,27,34,89,12417,14,0,0,0,0,0,0,0,0,0,0,0,0,0,0
31,62,16,18,20,10,22,25,30,19,10,22,39,82,12488,11,0,0,0,0,0,0,0,0,0,0,0,0,0,0
20,42,17,16,16,25,23,18,10,31,14,18,57,37,12542,14,0,0,0,0,0,0,0,0,0,0,0,0,0,0
33,34,33,32,23,24,24,15,19,25,10,33,35,26,12557,9,1,0,0,0,0,0,0,0,0,0,0,0,0,0
43,29,21,24,23,10,16,17,19,29,16,30,38,52,12559,8,0,0,0,0,0,0,0,0,0,0,0,0,0,0
26,46,9,23,13,26,20,25,16,36,16,22,30,48,12423,1,0,0,0,0,0,0,0,0,0,0,0,0,0,0
32,66,17,46,14,31,14,35,15,27,27,25,36,71,12491,1,0,0,0,0,0,0,0,0,0,0,0,0,0,0
20,51,32,21,14,24,27,35,18,16,11,38,32,74,12543,0,0,0,0,0,0,0,0,0,0,0,0,0,0,0
26,32,29,15,21,12,39,17,10,18,11,31,29,89,12519,0,0,0,0,0,0,0,0,0,0,0,0,0,0,0
13,18,20,18,7,31,25,17,12,21,21,39,49,106,12533,0,0,0,0,0,0,0,0,0,0,0,0,0,0,0
26,24,24,21,16,25,25,25,16,17,11,35,33,94,12524,7,1,0,0,0,0,0,0,0,0,0,0,0,0,0
33,20,20,30,14,13,26,21,18,29,10,17,38,79,12538,21,1,0,0,0,0,0,0,0,0,0,0,0,0,0
20,7,28,19,15,23,24,14,22,25,18,16,26,64,12497,28,0,0,0,0,0,0,0,0,0,0,0,0,0,0
20,20,33,23,16,23,25,11,25,24,26,24,25,41,12511,20,0,0,0,0,0,0,0,0,0,0,0,0,0,0
22,33,28,28,39,16,26,8,12,31,27,28,17,37,12493,17,0,0,0,0,0,0,0,0,0,0,0,0,0,0
28,25,11,31,34,11,30,9,18,27,19,25,30,95,12454,16,0,0,0,0,0,0,0,0,0,0,0,0,0,0
18,31,28,33,17,17,36,24,23,17,27,22,29,62,12442,3,0,0,0,0,0,0,0,0,0,0,0,0,0,0
36,34,9,38,33,20,25,13,26,17,8,10,40,52,12680,12,0,0,0,0,0,0,0,0,0,0,0,0,0,0
43,25,19,24,38,14,9,15,19,25,9,19,41,52,12559,8,0,0,0,0,0,0,0,0,0,0,0,0,0,0
36,42,32,15,31,18,11,26,22,25,14,20,37,82,12549,7,0,0,0,0,0,0,0,0,0,0,0,0,0,0
19,25,20,17,25,16,8,14,17,28,24,19,35,72,12540,9,0,0,0,0,0,0,0,0,0,0,0,0,0,0
19,24,20,15,23,20,9,15,12,20,26,14,37,94,12421,6,0,0,0,0,0,0,0,0,0,0,0,0,0,0
14,20,13,25,14,22,10,15,17,29,25,23,29,106,12514,4,0,0,0,0,0,0,0,0,0,0,0,0,0,0
22,26,14,11,7,27,23,32,15,17,10,16,25,123,12537,2,0,0,0,0,0,0,0,0,0,0,0,0,0,0
21,11,14,27,24,25,21,23,25,18,13,18,32,117,12552,0,0,0,0,0,0,0,0,0,0,0,0,0,0,0
17,21,14,20,21,14,17,37,28,6,13,13,25,126,12600,0,0,0,0,0,0,0,0,0,0,0,0,0,0,0
28,27,14,16,16,24,18,10,18,19,15,14,24,132,12417,11,0,0,0,0,0,0,0,0,0,0,0,0,0,0
25,22,21,18,15,24,32,12,20,16,18,25,31,114,12500,8,0,0,0,0,0,0,0,0,0,0,0,0,0,0
13,28,49,28,12,11,26,20,29,11,13,49,20,106,12493,20,0,0,0,0,0,0,0,0,0,0,0,0,0,0
41,18,54,41,41,10,15,20,15,18,23,56,12,85,12543,15,0,0,0,0,0,0,0,0,0,0,0,0,0,0
18,18,26,23,25,34,17,14,31,18,18,41,8,79,12472,16,0,0,0,0,0,0,0,0,0,0,0,0,0,0
30,27,16,41,19,40,15,14,23,37,10,36,18,65,12561,10,0,0,0,0,0,0,0,0,0,0,0,0,0,0
33,36,17,14,20,37,14,21,20,29,16,45,12,75,12422,4,0,0,0,0,0,0,0,0,0,0,0,0,0,0
20,40,20,40,17,34,16,14,13,16,17,35,29,60,12523,6,0,0,0,0,0,0,0,0,0,0,0,0,0,0
19,25,16,39,43,9,19,29,19,16,17,37,24,78,12516,4,0,0,0,0,0,0,0,0,0,0,0,0,0,0
21,36,56,48,24,26,22,38,9,10,14,33,28,74,12546,44,0,0,0,0,0,0,0,0,0,0,0,0,0,0
27,20,48,32,20,34,14,23,25,20,14,25,21,53,12490,59,0,0,0,0,0,0,0,0,0,0,0,0,0,0
33,14,40,25,27,29,17,23,18,17,9,18,39,73,12385,66,0,0,0,0,0,0,0,0,0,0,0,0,0,0
36,25,33,22,31,35,14,19,21,10,19,18,45,112,12457,56,0,0,0,0,0,0,0,0,0,0,0,0,0,0
17,25,36,22,33,35,27,11,37,16,10,39,43,61,12450,46,0,0,0,0,0,0,0,0,0,0,0,0,0,0
27,47,55,20,32,19,29,10,25,18,17,39,31,27,12436,46,0,0,0,0,0,0,0,0,0,0,0,0,0,0
16,16,51,31,36,28,17,22,10,17,25,37,27,49,12521,78,0,0,0,0,0,0,0,0,0,0,0,0,0,0
17,29,37,25,25,25,21,19,19,26,32,48,53,76,12547,74,0,0,0,0,0,0,0,0,0,0,0,0,0,0
29,28,34,24,17,26,20,26,16,29,31,38,51,117,12419,90,0,0,0,0,0,0,0,0,0,0,0,0,0,0
24,35,33,21,18,35,19,23,20,26,34,51,52,87,12421,97,0,0,0,0,0,0,0,0,0,0,0,0,0,0
27,39,16,25,22,22,15,14,28,12,27,33,27,87,12438,90,0,0,0,0,0,0,0,0,0,0,0,0,0,0
38,34,23,22,36,32,22,30,31,15,19,33,27,89,12310,110,0,0,0,0,0,0,0,0,0,0,0,0,0,0
40,41,24,51,22,20,13,21,23,21,16,48,18,61,12311,134,1,0,0,0,0,0,0,0,0,0,0,0,0,0
26,4,23,31,38,22,15,35,15,33,17,18,19,51,12413,97,1,0,0,0,0,0,0,0,0,0,0,0,0,0
38,36,28,29,24,13,26,23,10,19,17,14,6,64,12563,40,0,0,0,0,0,0,0,0,0,0,0,0,0,0
39,33,41,33,16,18,22,23,17,16,10,18,20,55,12505,18,0,0,0,0,0,0,0,0,0,0,0,0,0,0
27,14,47,31,18,20,31,50,17,26,19,23,21,59,12533,24,0,0,0,0,0,0,0,0,0,0,0,0,0,0
29,27,45,29,10,26,15,26,8,11,16,33,23,64,12560,10,0,0,0,0,0,0,0,0,0,0,0,0,0,0
27,31,42,39,10,27,5,27,26,17,14,34,41,60,12509,10,0,0,0,0,0,0,0,0,0,0,0,0,0,0
25,14,28,32,31,19,31,32,19,9,26,26,15,74,12601,12,0,0,0,0,0,0,0,0,0,0,0,0,0,0
21,22,20,23,37,23,27,26,10,17,6,18,7,63,12603,12,0,0,0,0,0,0,0,0,0,0,0,0,0,0
22,29,29,24,32,18,28,28,7,15,9,22,23,43,12638,14,0,0,0,0,0,0,0,0,0,0,0,0,0,0
21,19,40,19,24,9,40,23,21,26,16,19,19,100,12487,37,0,0,0,0,0,0,0,0,0,0,0,0,0,0
40,17,55,23,21,17,17,36,12,27,14,31,11,103,12464,22,0,0,0,0,0,0,0,0,0,0,0,0,0,0
36,22,27,17,38,23,17,39,15,29,21,13,10,78,12556,22,0,0,0,0,0,0,0,0,0,0,0,0,0,0
44,24,13,20,24,33,23,32,10,24,23,3,28,72,12615,15,0,0,0,0,0,0,0,0,0,0,0,0,0,0
25,33,27,29,21,15,18,27,19,25,20,18,11,94,12516,10,0,0,0,0,0,0,0,0,0,0,0,0,0,0
33,54,20,36,24,10,27,22,29,17,15,18,14,94,12540,6,0,0,0,0,0,0,0,0,0,0,0,0,0,0
27,29,15,35,46,10,36,16,18,19,17,13,41,40,12595,26,0,0,0,0,0,0,0,0,0,0,0,0,0,0
46,29,19,31,17,16,11,10,14,23,41,13,52,48,12546,30,0,0,0,0,0,0,0,0,0,0,0,0,0,0
28,12,23,19,10,20,26,20,17,27,33,18,40,72,12557,69,0,0,0,0,0,0,0,0,0,0,0,0,0,0
35,18,11,28,14,34,26,13,12,30,38,19,20,74,12167,248,0,0,0,0,0,0,0,0,0,0,0,0,0,0
61,33,14,31,12,23,19,21,17,10,28,14,20,50,12228,396,0,0,0,0,0,0,0,0,0,0,0,0,0,0
57,20,12,25,21,19,26,13,16,12,30,13,27,55,11734,689,0,0,0,0,0,0,0,0,0,0,0,0,0,0
62,27,16,27,18,11,19,12,16,13,12,29,44,58,11220,1151,0,0,0,0,0,0,0,0,0,0,0,0,0,0
47,19,10,13,15,21,13,12,12,11,12,28,13,87,10480,1722,0,0,0,0,0,0,0,0,0,0,0,0,0,0
32,13,13,13,18,16,26,11,28,15,29,36,24,87,9242,2685,0,0,0,0,0,0,0,0,0,0,0,0,0,0
20,41,11,20,30,27,10,21,27,7,19,44,23,86,8152,3756,0,0,0,0,0,0,0,0,0,0,0,0,0,0
27,54,25,50,16,27,31,23,18,14,11,28,20,67,7152,4494,0,0,0,0,0,0,0,0,0,0,0,0,0,0
18,43,21,29,17,17,23,27,22,10,19,10,25,36,6055,5417,0,0,0,0,0,0,0,0,0,0,0,0,0,0
11,20,38,23,16,20,11,22,18,13,25,33,29,32,5234,5995,0,0,0,0,0,0,0,0,0,0,0,0,0,0
17,26,22,27,14,27,13,22,27,24,17,23,13,18,5091,6222,0,0,0,0,0,0,0,0,0,0,0,0,0,0
29,36,43,22,10,27,22,35,25,11,30,21,31,16,4958,6427,0,0,0,0,0,0,0,0,0,0,0,0,0,0
19,32,10,12,16,32,17,32,27,17,16,17,16,17,4807,6473,0,0,0,0,0,0,0,0,0,0,0,0,0,0
28,24,13,13,17,36,16,17,26,19,8,15,22,23,4720,6538,0,0,0,0,0,0,0,0,0,0,0,0,0,0
13,25,25,30,20,36,16,22,17,11,17,19,15,36,4575,6653,1,0,0,0,0,0,0,0,0,0,0,0,0,0
32,22,28,29,17,31,10,15,22,5,22,20,18,18,4706,6604,1,0,0,0,0,0,0,0,0,0,0,0,0,0
31,24,30,24,30,15,12,6,23,16,23,15,25,23,4791,6494,6,0,0,0,0,0,0,0,0,0,0,0,0,0
26,9,18,24,24,8,16,21,22,12,18,20,22,16,4661,6565,3,0,0,0,0,0,0,0,0,0,0,0,0,0
14,20,25,35,19,18,22,16,31,11,28,16,25,48,4658,6524,2,0,0,0,0,0,0,0,0,0,0,0,0,0
25,15,21,21,31,26,21,24,32,14,25,13,22,32,4604,6551,2,0,0,0,0,0,0,0,0,0,0,0,0,0
24,37,15,14,48,52,23,19,16,17,19,19,36,22,4697,6550,0,0,0,0,0,0,0,0,0,0,0,0,0,0
36,51,38,28,20,26,19,12,11,10,28,25,17,17,4687,6597,0,0,0,0,0,0,0,0,0,0,0,0,0,0
35,36,22,8,18,27,21,13,17,9,19,20,13,21,4695,6655,0,0,0,0,0,0,0,0,0,0,0,0,0,0
45,20,29,17,21,22,22,8,17,7,11,16,26,28,4639,6565,1,0,0,0,0,0,0,0,0,0,0,0,0,0
30,20,16,29,19,24,23,12,20,11,12,20,26,14,4628,6627,7,0,0,0,0,0,0,0,0,0,0,0,0,0
47,21,21,18,26,22,28,27,28,20,26,12,23,18,4765,6680,2,0,0,0,0,0,0,0,0,0,0,0,0,0
38,33,24,39,39,22,32,22,20,16,13,13,43,35,4677,6551,1,0,0,0,0,0,0,0,0,0,0,0,0,0
31,34,34,33,30,25,23,18,11,18,14,19,38,38,4857,6554,1,0,0,0,0,0,0,0,0,0,0,0,0,0
20,26,30,30,29,24,12,15,14,11,6,21,41,46,4728,6399,0,0,0,0,0,0,0,0,0,0,0,0,0,0
25,26,42,32,30,23,20,26,22,10,10,15,50,58,4859,6385,1,0,0,0,0,0,0,0,0,0,0,0,0,0
22,45,25,20,33,18,21,37,28,20,18,21,19,71,4697,6586,0,0,0,0,0,0,0,0,0,0,0,0,0,0
16,25,30,7,25,27,17,27,15,27,21,17,15,34,4729,6591,0,0,0,0,0,0,0,0,0,0,0,0,0,0
14,7,26,21,21,25,22,12,27,10,13,16,15,36,4603,6603,4,0,0,0,0,0,0,0,0,0,0,0,0,0
22,35,23,37,29,37,11,10,16,30,27,21,17,77,4670,6610,2,0,0,0,0,0,0,0,0,0,0,0,0,0
11,41,10,15,25,26,15,24,20,12,25,23,29,64,4659,6513,12,0,0,0,0,0,0,0,0,0,0,0,0,0
18,27,18,16,22,31,18,24,5,23,12,22,21,43,4684,6464,25,0,0,0,0,0,0,0,0,0,0,0,0,0
7,35,13,17,31,41,16,16,15,29,22,9,29,57,4759,6539,21,0,0,0,0,0,0,0,0,0,0,0,0,0
29,37,12,19,21,25,18,24,20,29,20,8,25,38,4791,6421,12,0,0,0,0,0,0,0,0,0,0,0,0,0
35,31,32,15,39,11,16,19,18,25,16,19,15,24,4599,6511,23,0,0,0,0,0,0,0,0,0,0,0,0,0
21,24,11,27,25,10,13,15,12,24,26,14,20,30,4696,6493,22,0,0,0,0,0,0,0,0,0,0,0,0,0
17,16,23,13,20,15,18,9,27,19,28,9,11,27,4676,6615,16,0,0,0,0,0,0,0,0,0,0,0,0,0
38,30,23,17,30,15,16,16,21,20,16,10,9,17,4697,6579,4,0,0,0,0,0,0,0,0,0,0,0,0,0
44,26,35,24,22,12,22,25,24,7,23,6,42,31,4666,6602,4,0,0,0,0,0,0,0,0,0,0,0,0,0
43,19,39,24,27,20,16,22,16,22,12,15,51,28,4726,6404,5,0,0,0,0,0,0,0,0,0,0,0,0,0
54,29,24,35,26,15,9,27,27,12,9,13,30,42,4667,6551,17,0,0,0,0,0,0,0,0,0,0,0,0,0
33,20,15,34,19,18,31,28,20,13,12,11,32,46,4713,6512,5,0,0,0,0,0,0,0,0,0,0,0,0,0
13,23,41,15,22,38,16,27,19,15,4,11,41,27,4550,6648,3,0,0,0,0,0,0,0,0,0,0,0,0,0
37,18,25,27,28,26,19,28,22,17,16,12,43,12,4461,6669,3,0,0,0,0,0,0,0,0,0,0,0,0,0
22,52,40,17,15,21,21,20,19,29,14,15,36,24,4708,6639,4,0,0,0,0,0,0,0,0,0,0,0,0,0
19,48,41,18,36,22,10,25,11,26,24,30,47,20,4653,6651,1,0,0,0,0,0,0,0,0,0,0,0,0,0
30,44,39,26,20,10,19,14,9,7,11,23,34,28,4571,6684,11,0,0,0,0,0,0,0,0,0,0,0,0,0
17,40,22,27,24,36,41,19,19,24,9,11,20,41,4466,6671,19,0,0,0,0,0,0,0,0,0,0,0,0,0
24,55,23,13,37,35,26,12,26,17,15,9,30,37,4453,6618,33,0,0,0,0,0,0,0,0,0,0,0,0,0
33,32,32,38,36,35,34,7,22,29,10,15,47,50,4265,6918,38,0,0,0,0,0,0,0,0,0,0,0,0,0
30,38,28,23,32,38,32,15,13,19,19,13,42,31,4307,6936,68,0,0,0,0,0,0,0,0,0,0,0,0,0
17,26,21,39,17,23,34,10,11,28,17,24,28,35,4275,6808,63,0,0,0,0,0,0,0,0,0,0,0,0,0
30,34,25,31,21,18,20,16,11,26,18,27,26,23,4219,6723,87,0,0,0,0,0,0,0,0,0,0,0,0,0
22,41,33,15,15,25,17,11,23,13,9,61,19,27,4233,6765,102,0,0,0,0,0,0,0,0,0,0,0,0,0
27,39,19,21,32,14,6,11,12,13,20,40,32,53,4170,6873,112,0,0,0,0,0,0,0,0,0,0,0,0,0
23,24,22,16,30,18,15,13,20,14,22,21,17,82,4038,6953,67,0,0,0,0,0,0,0,0,0,0,0,0,0
11,22,34,17,32,17,10,22,12,16,28,9,29,49,4057,6897,103,1,0,0,0,0,0,0,0,0,0,0,0,0
28,22,17,21,60,19,24,14,22,31,29,12,23,45,3955,7082,109,0,0,0,0,0,0,0,0,0,0,0,0,0
28,17,22,17,21,14,21,18,20,17,14,15,22,60,3794,7192,95,0,0,0,0,0,0,0,0,0,0,0,0,0
11,34,19,19,24,11,31,33,12,15,24,33,29,41,3754,7148,126,0,0,0,0,0,0,0,0,0,0,0,0,0
19,13,38,13,14,23,21,26,15,14,40,12,38,25,3671,7273,111,0,0,0,0,0,0,0,0,0,0,0,0,0
28,23,30,26,44,24,12,39,21,10,20,23,19,27,3669,7203,107,0,0,0,0,0,0,0,0,0,0,0,0,0
23,33,31,21,22,33,17,35,12,13,21,23,20,33,3639,7405,99,0,0,0,0,0,0,0,0,0,0,0,0,0
18,29,51,31,24,13,13,41,13,6,20,9,25,34,3516,7393,71,0,0,0,0,0,0,0,0,0,0,0,0,0
33,16,40,42,19,22,10,21,16,14,29,10,31,12,3673,7314,90,0,0,0,0,0,0,0,0,0,0,0,0,0
33,12,51,24,18,18,19,25,26,30,35,15,21,18,3417,7575,71,0,0,0,0,0,0,0,0,0,0,0,0,0
56,11,24,33,18,21,25,36,17,24,42,14,10,24,3475,7472,81,0,0,0,0,0,0,0,0,0,0,0,0,0
36,23,26,37,19,17,15,23,15,3,32,15,27,32,3309,7548,113,0,0,0,0,0,0,0,0,0,0,0,0,0
18,20,29,46,19,19,26,31,19,14,22,15,29,17,3261,7565,115,0,0,0,0,0,0,0,0,0,0,0,0,0
21,21,30,49,22,21,15,28,30,6,13,24,11,49,3047,7613,153,0,0,0,0,0,0,0,0,0,0,0,0,0
26,40,11,32,18,31,9,17,27,8,11,19,29,60,2930,7794,151,0,0,0,0,0,0,0,0,0,0,0,0,0
19,40,14,44,34,24,16,15,10,11,20,14,17,42,2871,7955,132,0,0,0,0,0,0,0,0,0,0,0,0,0
34,35,45,41,34,17,25,31,15,22,19,27,24,56,2785,8021,99,0,0,0,0,0,0,0,0,0,0,0,0,0
30,52,49,55,29,18,18,15,8,14,12,16,37,44,2812,7933,76,0,0,0,0,0,0,0,0,0,0,0,0,0
20,25,25,35,26,26,26,15,10,25,26,18,47,35,2762,7950,83,0,0,0,0,0,0,0,0,0,0,0,0,0
22,17,19,33,32,48,14,20,23,22,16,14,18,54,2796,7997,73,0,0,0,0,0,0,0,0,0,0,0,0,0
24,29,27,30,21,18,9,24,17,13,23,7,17,31,2628,8087,84,0,0,0,0,0,0,0,0,0,0,0,0,0
29,33,15,27,25,13,13,13,14,9,9,4,14,17,2649,8149,75,0,0,0,0,0,0,0,0,0,0,0,0,0
25,28,24,26,36,35,28,12,8,17,13,20,16,10,2452,8293,65,0,0,0,0,0,0,0,0,0,0,0,0,0
34,18,24,36,31,24,20,22,11,12,8,4,27,23,2262,8388,61,0,0,0,0,0,0,0,0,0,0,0,0,0
35,18,33,14,44,20,16,11,18,16,14,7,15,23,2114,8371,84,0,0,0,0,0,0,0,0,0,0,0,0,0
51,29,37,27,34,18,15,31,11,26,9,16,25,27,2018,8493,81,0,0,0,0,0,0,0,0,0,0,0,0,0
66,21,31,32,21,16,9,27,16,24,15,22,33,28,1984,8566,45,0,0,0,0,0,0,0,0,0,0,0,0,0
35,26,15,26,20,4,8,17,6,23,14,18,59,30,1878,8526,43,0,0,0,0,0,0,0,0,0,0,0,0,0
35,18,15,12,14,26,7,14,14,18,21,21,78,23,1729,8626,45,0,0,0,0,0,0,0,0,0,0,0,0,0
37,29,21,17,14,31,12,18,10,15,17,25,44,31,1743,8780,13,0,0,0,0,0,0,0,0,0,0,0,0,0
31,27,21,11,16,27,15,20,23,18,14,27,25,52,1555,8777,13,0,0,0,0,0,0,0,0,0,0,0,0,0
78,18,31,20,20,16,6,22,20,25,27,19,24,56,1650,8815,4,0,0,0,0,0,0,0,0,0,0,0,0,0
67,16,13,10,15,31,23,24,19,13,12,14,27,45,1641,8812,11,0,0,0,0,0,0,0,0,0,0,0,0,0
52,18,39,23,20,32,5,22,10,24,10,12,19,38,1520,8968,11,0,0,0,0,0,0,0,0,0,0,0,0,0
43,33,42,19,17,24,12,10,7,10,9,21,32,57,1550,8818,14,0,0,0,0,0,0,0,0,0,0,0,0,0
27,27,21,11,20,10,19,12,18,22,15,14,18,53,1493,8864,18,0,0,0,0,0,0,0,0,0,0,0,0,0
29,17,17,12,26,18,22,27,21,24,19,18,10,84,1500,9007,18,0,0,0,0,0,0,0,0,0,0,0,0,0
59,18,29,26,19,33,20,29,34,27,10,18,15,80,1463,8924,42,0,0,0,0,0,0,0,0,0,0,0,0,0
55,21,30,19,20,19,14,13,27,18,15,27,16,65,1538,8851,38,0,0,0,0,0,0,0,0,0,0,0,0,0
44,23,50,17,14,19,12,23,13,19,19,28,11,50,1524,8736,4,0,0,0,0,0,0,0,0,0,0,0,0,0
33,25,35,17,23,33,23,13,7,18,18,26,13,23,1603,8846,0,0,0,0,0,0,0,0,0,0,0,0,0,0
27,28,26,13,15,14,12,26,15,21,20,21,12,20,1552,8961,0,0,0,0,0,0,0,0,0,0,0,0,0,0
25,20,31,14,6,19,31,30,21,10,15,30,15,19,1470,9011,5,0,0,0,0,0,0,0,0,0,0,0,0,0
19,30,32,20,15,10,21,32,21,25,13,30,22,20,1542,8919,1,0,0,0,0,0,0,0,0,0,0,0,0,0
13,29,36,35,25,15,26,26,17,32,11,38,21,31,1561,8862,1,0,0,0,0,0,0,0,0,0,0,0,0,0
15,28,43,21,19,30,12,18,13,30,17,13,21,37,1515,8898,5,0,0,0,0,0,0,0,0,0,0,0,0,0
43,31,29,41,18,39,30,17,7,30,14,10,18,38,1527,8835,31,0,0,0,0,0,0,0,0,0,0,0,0,0
34,41,35,45,19,20,24,17,14,28,7,19,22,42,1476,8837,67,0,0,0,0,0,0,0,0,0,0,0,0,0
34,33,35,37,18,28,19,26,32,14,8,29,19,44,1530,8903,85,0,0,0,0,0,0,0,0,0,0,0,0,0
42,36,19,42,15,15,14,37,25,14,10,10,16,53,1584,8722,191,0,0,0,0,0,0,0,0,0,0,0,0,0
74,42,21,40,16,34,11,28,12,15,14,14,29,48,1538,8720,237,0,0,0,0,0,0,0,0,0,0,0,0,0
54,37,26,38,18,31,29,23,21,12,12,16,16,86,1547,8547,294,0,0,0,0,0,0,0,0,0,0,0,0,0
30,36,17,30,25,19,22,16,23,20,5,21,35,74,1521,8518,358,0,0,0,0,0,0,0,0,0,0,0,0,0
34,35,35,15,17,20,22,14,15,18,20,23,44,43,1592,8380,431,0,0,0,0,0,0,0,0,0,0,0,0,0
50,40,22,21,12,29,12,28,27,11,10,42,59,35,1517,8280,482,0,0,0,0,0,0,0,0,0,0,0,0,0
47,31,16,28,19,50,13,22,11,14,18,17,45,67,1526,8417,466,0,0,0,0,0,0,0,0,0,0,0,0,0
33,24,19,19,15,34,19,27,15,12,14,14,29,25,1534,8306,499,0,0,0,0,0,0,0,0,0,0,0,0,0
36,33,20,17,30,11,23,30,19,19,19,14,44,32,1493,8445,518,0,0,0,0,0,0,0,0,0,0,0,0,0
52,47,17,14,18,24,30,25,28,33,22,12,45,47,1499,8572,422,0,0,0,0,0,0,0,0,0,0,0,0,0
31,23,13,21,22,20,15,30,32,17,21,17,14,34,1535,8471,416,0,0,0,0,0,0,0,0,0,0,0,0,0
20,28,15,33,35,17,11,35,22,18,22,16,14,35,1467,8438,420,0,0,0,0,0,0,0,0,0,0,0,0,0
32,12,11,29,39,18,29,31,23,7,8,17,9,12,1550,8514,385,0,0,0,0,0,0,0,0,0,0,0,0,0
29,29,20,21,33,12,23,19,22,9,15,15,18,32,1568,8604,333,0,0,0,0,0,0,0,0,0,0,0,0,0
15,28,31,25,36,28,22,28,42,16,19,6,17,40,1465,8560,342,0,0,0,0,0,0,0,0,0,0,0,0,0
51,27,13,35,28,29,15,32,30,13,12,12,26,57,1484,8668,276,0,0,0,0,0,0,0,0,0,0,0,0,0
21,34,49,38,25,29,25,12,35,18,12,16,20,48,1512,8691,226,0,0,0,0,0,0,0,0,0,0,0,0,0
24,72,42,33,40,19,17,11,38,22,15,29,19,66,1532,8663,223,0,0,0,0,0,0,0,0,0,0,0,0,0
31,50,22,40,22,11,21,29,31,30,18,18,35,50,1485,8628,217,0,0,0,0,0,0,0,0,0,0,0,0,0
33,52,29,38,25,27,30,18,15,24,13,21,24,26,1451,8685,232,0,0,0,0,0,0,0,0,0,0,0,0,0
31,42,14,28,26,20,12,4,14,14,13,30,19,28,1495,8723,260,0,0,0,0,0,0,0,0,0,0,0,0,0
32,44,34,40,15,27,23,20,23,4,7,36,17,33,1529,8685,194,0,0,0,0,0,0,0,0,0,0,0,0,0
37,60,33,30,14,20,10,22,13,10,19,32,34,31,1598,8724,175,0,0,0,0,0,0,0,0,0,0,0,0,0
35,31,32,27,54,17,14,27,16,19,13,19,23,18,1512,8629,236,0,0,0,0,0,0,0,0,0,0,0,0,0
42,23,15,16,27,28,32,18,28,30,21,13,30,21,1628,8578,232,1,0,0,0,0,0,0,0,0,0,0,0,0
33,29,30,8,28,27,18,20,15,23,16,11,29,24,1582,8603,184,1,0,0,0,0,0,0,0,0,0,0,0,0
37,29,40,12,23,21,15,18,23,25,8,13,32,26,1597,8716,166,0,0,0,0,0,0,0,0,0,0,0,0,0
55,28,34,16,20,15,18,8,25,26,4,15,29,21,1561,8612,209,1,0,0,0,0,0,0,0,0,0,0,0,0
43,35,34,17,39,22,17,19,27,16,16,11,24,22,1515,8665,184,2,0,0,0,0,0,0,0,0,0,0,0,0
32,19,14,20,14,24,19,21,17,34,9,15,41,25,1511,8689,163,0,0,0,0,0,0,0,0,0,0,0,0,0
15,28,17,20,15,32,22,10,16,42,16,9,25,52,1566,8686,157,0,0,0,0,0,0,0,0,0,0,0,0,0
20,30,22,16,34,19,14,10,19,45,17,4,45,26,1449,8859,173,0,0,0,0,0,0,0,0,0,0,0,0,0
33,23,12,39,23,21,10,20,12,24,31,14,38,11,1515,8752,181,1,0,0,0,0,0,0,0,0,0,0,0,0
41,29,14,31,18,27,11,17,15,22,14,23,42,7,1505,8717,190,1,0,0,0,0,0,0,0,0,0,0,0,0
29,26,29,28,16,18,23,9,16,23,10,25,40,8,1514,8750,198,0,0,0,0,0,0,0,0,0,0,0,0,0
31,24,32,41,19,18,17,8,17,20,14,16,31,21,1404,8771,144,1,0,0,0,0,0,0,0,0,0,0,0,0
33,25,21,33,33,25,22,10,17,31,14,24,19,28,1433,8729,139,5,0,0,0,0,0,0,0,0,0,0,0,0
29,30,32,32,28,22,27,21,14,18,17,8,22,25,1484,8784,176,0,1,0,0,0,0,0,0,0,0,0,0,0
42,38,30,41,34,21,35,23,26,26,14,2,8,25,1496,8834,127,4,0,0,0,0,0,0,0,0,0,0,0,0
55,28,17,37,27,18,17,17,16,26,11,13,4,17,1531,8773,115,0,0,0,0,0,0,0,0,0,0,0,0,0
29,29,26,35,20,20,16,11,21,16,16,14,23,34,1527,8722,160,1,0,0,0,0,0,0,0,0,0,0,0,0
55,45,22,31,25,22,17,19,14,11,17,9,22,17,1511,8694,157,3,0,0,0,0,0,0,0,0,0,0,0,0
29,34,19,26,6,16,26,37,24,13,6,18,9,20,1559,8722,93,0,0,0,0,0,0,0,0,0,0,0,0,0
26,29,25,15,24,36,14,30,13,14,13,4,17,26,1530,8781,65,0,0,0,0,0,0,0,0,0,0,0,0,0
31,26,9,22,33,26,16,26,16,27,9,25,14,30,1553,8822,74,0,0,0,0,0,0,0,0,0,0,0,0,0
19,19,15,36,17,34,18,13,15,16,10,14,29,27,1550,8798,117,0,0,0,0,0,0,0,0,0,0,0,0,0
13,11,22,35,16,17,33,15,15,10,13,20,22,19,1531,8759,111,0,0,0,0,0,0,0,0,0,0,0,0,0
15,20,23,20,17,5,31,18,18,18,8,29,12,11,1522,8820,134,0,0,0,0,0,0,0,0,0,0,0,0,0
16,17,30,28,23,17,13,25,27,22,9,13,14,19,1479,8824,101,0,0,0,0,0,0,0,0,0,0,0,0,0
30,22,40,23,33,19,30,12,21,23,18,14,24,15,1527,8774,123,0,0,0,0,0,0,0,0,0,0,0,0,0
33,26,40,21,31,18,17,15,22,12,15,18,18,17,1537,8741,112,0,0,0,0,0,0,0,0,0,0,0,0,0
35,32,48,27,44,17,9,24,14,16,14,26,22,15,1462,8774,114,0,0,0,0,0,0,0,0,0,0,0,0,0
36,27,41,31,29,19,16,11,21,14,15,17,23,44,1564,8820,140,0,0,0,0,0,0,0,0,0,0,0,0,0
47,30,23,22,22,23,18,15,15,14,20,15,18,72,1449,8668,169,0,0,0,0,0,0,0,0,0,0,0,0,0
40,26,27,51,24,27,24,30,7,15,18,19,22,60,1480,8783,175,0,0,0,0,0,0,0,0,0,0,0,0,0
22,27,61,29,27,24,16,27,14,21,9,22,34,27,1509,8646,135,0,0,0,0,0,0,0,0,0,0,0,0,0
35,14,52,40,39,28,24,20,9,15,10,27,22,28,1559,8705,142,0,0,0,0,0,0,0,0,0,0,0,0,0
44,11,65,30,37,16,20,7,7,6,21,16,8,40,1624,8608,207,0,0,0,0,0,0,0,0,0,0,0,0,0
25,20,46,29,45,36,19,14,6,14,23,24,23,41,1449,8736,181,0,0,0,0,0,0,0,0,0,0,0,0,0
36,22,37,34,44,33,38,15,31,12,15,21,6,42,1433,8809,126,0,0,0,0,0,0,0,0,0,0,0,0,0
18,23,30,39,35,20,16,12,45,10,11,19,16,72,1558,8744,154,0,0,0,0,0,0,0,0,0,0,0,0,0
40,35,21,30,25,13,26,24,30,17,11,13,32,44,1519,8637,159,0,0,0,0,0,0,0,0,0,0,0,0,0
54,44,9,46,23,14,23,24,38,21,22,18,36,47,1480,8737,163,0,0,0,0,0,0,0,0,0,0,0,0,0
52,47,17,52,24,8,20,25,16,14,17,19,32,49,1534,8769,188,0,0,0,0,0,0,0,0,0,0,0,0,0
52,43,24,27,21,6,35,26,21,11,14,16,31,37,1573,8652,155,0,0,0,0,0,0,0,0,0,0,0,0,0
46,38,26,20,21,16,33,31,15,24,16,12,21,37,1480,8689,154,0,0,0,0,0,0,0,0,0,0,0,0,0
38,21,11,24,24,14,38,12,21,17,9,11,26,61,1509,8681,183,0,0,0,0,0,0,0,0,0,0,0,0,0
29,18,22,37,24,15,13,27,20,9,8,23,21,44,1474,8592,223,0,0,0,0,0,0,0,0,0,0,0,0,0
27,31,42,28,41,24,17,28,19,10,15,31,50,36,1581,8551,294,0,0,0,0,0,0,0,0,0,0,0,0,0
23,34,33,36,21,21,17,26,24,26,18,34,50,52,1505,8635,257,0,0,0,0,0,0,0,0,0,0,0,0,0
25,25,31,43,27,28,16,24,10,13,21,22,60,70,1543,8723,206,0,0,0,0,0,0,0,0,0,0,0,0,0
22,17,22,37,13,23,22,11,15,14,23,25,42,68,1553,8788,232,0,0,0,0,0,0,0,0,0,0,0,0,0
26,27,19,40,28,30,20,17,7,18,18,11,49,29,1533,8592,249,0,0,0,0,0,0,0,0,0,0,0,0,0
26,23,11,28,30,35,25,23,13,21,8,6,41,60,1591,8552,312,0,0,0,0,0,0,0,0,0,0,0,0,0
25,24,38,23,13,21,20,10,7,19,18,9,37,88,1525,8437,317,0,0,0,0,0,0,0,0,0,0,0,0,0
24,30,48,23,13,25,8,9,6,33,11,34,14,75,1476,8629,330,0,0,0,0,0,0,0,0,0,0,0,0,0
27,26,21,25,16,14,17,11,12,31,11,16,14,85,1535,8601,230,0,0,0,0,0,0,0,0,0,0,0,0,0
20,21,21,17,15,18,14,20,19,35,20,21,31,78,1475,8658,186,0,0,0,0,0,0,0,0,0,0,0,0,0
36,32,15,21,32,17,15,18,18,16,14,31,14,70,1467,8767,185,0,0,0,0,0,0,0,0,0,0,0,0,0
35,23,8,20,22,34,39,21,10,13,19,35,32,52,1598,8726,113,0,0,0,0,0,0,0,0,0,0,0,0,0
24,26,24,33,28,47,14,17,14,9,21,8,22,60,1495,8736,110,0,0,0,0,0,0,0,0,0,0,0,0,0
28,26,20,18,29,12,16,4,22,10,19,23,22,47,1536,8688,108,0,0,0,0,0,0,0,0,0,0,0,0,0
33,50,28,18,27,20,12,5,22,7,26,16,14,60,1485,8702,152,0,0,0,0,0,0,0,0,0,0,0,0,0
10,51,22,21,28,13,14,21,38,15,15,13,9,34,1453,8717,174,0,0,0,0,0,0,0,0,0,0,0,0,0
30,36,38,34,22,18,15,27,14,15,13,7,17,68,1427,8764,159,0,0,0,0,0,0,0,0,0,0,0,0,0
24,52,31,6,14,25,24,25,10,19,10,16,24,56,1375,8784,144,0,0,0,0,0,0,0,0,0,0,0,0,0
21,33,28,14,33,15,16,29,8,14,19,28,12,37,1438,8828,160,0,0,0,0,0,0,0,0,0,0,0,0,0
19,21,30,25,28,19,25,26,25,42,10,19,16,55,1449,8713,154,0,0,0,0,0,0,0,0,0,0,0,0,0
27,25,26,40,24,36,15,11,21,16,20,19,3,56,1454,8782,101,0,0,0,0,0,0,0,0,0,0,0,0,0
28,24,22,37,28,15,21,21,34,15,12,7,13,43,1398,8902,58,0,0,0,0,0,0,0,0,0,0,0,0,0
17,41,16,19,43,8,34,9,37,20,20,25,11,82,1327,8953,20,0,0,0,0,0,0,0,0,0,0,0,0,0
23,39,25,12,44,15,46,15,27,7,15,16,11,56,1383,8938,1,0,0,0,0,0,0,0,0,0,0,0,0,0
40,43,21,17,19,15,40,19,13,4,17,24,9,30,1319,9002,0,0,0,0,0,0,0,0,0,0,0,0,0,0
52,15,18,32,12,19,30,17,11,11,9,13,9,28,1232,9088,0,0,0,0,0,0,0,0,0,0,0,0,0,0
59,46,23,42,14,20,32,8,10,12,16,21,21,60,1262,9069,0,0,0,0,0,0,0,0,0,0,0,0,0,0
32,31,32,34,13,18,29,4,10,10,17,13,22,33,1298,9095,1,0,0,0,0,0,0,0,0,0,0,0,0,0
12,15,29,28,14,13,8,11,17,13,11,16,46,38,1234,9017,0,0,0,0,0,0,0,0,0,0,0,0,0,0
24,19,22,18,11,15,20,21,14,21,10,22,24,15,1270,9027,3,0,0,0,0,0,0,0,0,0,0,0,0,0
17,16,25,28,20,16,14,16,12,28,5,10,24,34,1256,9010,22,0,0,0,0,0,0,0,0,0,0,0,0,0
28,18,30,32,13,31,12,26,11,28,8,8,31,37,1315,8963,32,0,0,0,0,0,0,0,0,0,0,0,0,0
31,25,39,21,10,23,21,34,16,27,12,17,36,53,1332,8991,21,1,0,0,0,0,0,0,0,0,0,0,0,0
13,24,30,31,16,17,16,23,14,24,14,23,38,58,1250,8853,25,1,1,0,0,0,0,0,0,0,0,0,0,0
26,35,33,27,30,11,22,13,18,13,17,15,25,56,1205,9039,9,1,0,0,0,0,0,0,0,0,0,0,0,0
40,23,53,27,30,8,14,22,25,8,17,21,21,29,1194,9032,13,0,0,0,0,0,0,0,0,0,0,0,0,0
38,22,43,20,37,7,28,37,14,16,22,34,22,50,1195,8875,31,0,0,0,0,0,0,0,0,0,0,0,0,0
36,24,37,19,30,8,19,19,18,19,24,20,9,45,1190,9002,34,0,0,0,0,0,0,0,0,0,0,0,0,0
53,17,48,16,10,10,26,17,26,17,19,13,16,36,1223,9051,45,0,0,0,0,0,0,0,0,0,0,0,0,0
33,31,34,15,8,14,28,14,26,17,18,20,24,22,1152,9018,74,0,0,0,0,0,0,0,0,0,0,0,0,0
13,31,25,35,19,21,29,16,21,20,6,9,17,31,1047,9093,63,0,0,0,0,0,0,0,0,0,0,0,0,0
16,19,34,27,26,26,29,9,29,16,14,31,15,19,1054,9213,31,0,0,0,0,0,0,0,0,0,0,0,0,0
26,17,49,24,16,24,17,21,13,16,11,24,10,36,1064,9079,34,0,0,0,0,0,0,0,0,0,0,0,0,0
17,20,29,15,15,31,23,12,18,3,4,30,38,42,1018,9228,23,0,0,0,0,0,0,0,0,0,0,0,0,0
13,23,29,29,26,17,14,19,11,4,15,10,32,20,1049,9249,22,0,0,0,0,0,0,0,0,0,0,0,0,0
25,13,46,16,34,24,26,26,18,13,5,20,13,21,985,9131,10,0,0,0,0,0,0,0,0,0,0,0,0,0
25,18,26,26,27,23,25,25,23,32,24,41,17,33,993,9148,14,0,0,0,0,0,0,0,0,0,0,0,0,0
16,25,22,22,15,36,18,40,27,36,20,14,19,56,1082,9024,50,0,0,0,0,0,0,0,0,0,0,0,0,0
26,22,26,22,5,17,19,34,13,18,24,8,30,26,1114,9067,73,0,0,0,0,0,0,0,0,0,0,0,0,0
43,18,13,16,14,20,19,37,12,22,13,9,35,47,1068,9042,82,0,0,0,0,0,0,0,0,0,0,0,0,0
33,19,5,11,17,22,25,17,13,16,9,12,58,45,998,9113,106,0,0,0,0,0,0,0,0,0,0,0,0,0
34,15,27,24,18,14,29,17,12,19,23,18,31,48,1015,9194,112,1,0,0,0,0,0,0,0,0,0,0,0,0
37,21,26,28,23,22,23,14,12,22,13,6,29,47,951,9083,203,3,2,0,0,0,0,0,0,0,0,0,0,0
33,54,15,23,12,18,14,12,13,14,21,22,35,68,979,8905,276,15,1,0,0,0,0,0,0,0,0,0,0,0
17,68,24,27,16,29,28,29,26,19,17,12,41,60,963,8852,265,32,4,0,0,0,0,0,0,0,0,0,0,0
27,52,11,23,19,25,29,15,13,24,12,16,23,62,954,9043,168,40,8,0,0,0,0,0,0,0,0,0,0,0
16,45,22,23,29,23,15,28,6,13,19,31,12,37,1003,8851,180,62,6,0,0,0,0,0,0,0,0,0,0,0
31,44,38,25,28,17,9,31,10,12,18,28,12,18,926,8904,188,66,7,0,0,0,0,0,0,0,0,0,0,0
54,42,41,17,27,18,19,17,23,17,19,13,16,29,884,9170,146,56,5,0,0,0,0,0,0,0,0,0,0,0
50,23,33,39,24,21,18,9,9,22,19,24,30,37,919,9082,123,45,2,0,0,0,0,0,0,0,0,0,0,0
29,27,26,14,32,16,15,19,11,22,9,37,25,27,956,8938,184,46,6,0,0,0,0,0,0,0,0,0,0,0
28,49,25,11,31,16,11,9,8,24,7,29,38,18,972,8869,193,63,14,0,0,0,0,0,0,0,0,0,0,0
27,58,32,5,24,14,17,23,5,28,7,16,22,16,943,9005,240,100,17,0,0,0,0,0,0,0,0,0,0,0
33,34,28,21,24,21,20,22,20,21,10,15,29,34,932,8919,172,82,8,0,0,0,0,0,0,0,0,0,0,0
42,31,25,24,24,26,19,15,13,14,12,20,32,41,981,9028,146,79,6,0,0,0,0,0,0,0,0,0,0,0
31,39,28,28,20,35,11,20,15,11,11,20,28,41,1035,8907,200,96,9,0,0,0,0,0,0,0,0,0,0,0
31,48,23,22,21,41,10,19,13,33,17,10,15,57,967,8842,176,87,9,0,0,0,0,0,0,0,0,0,0,0
28,31,16,20,57,28,25,14,26,26,11,12,21,45,993,9041,159,49,2,0,0,0,0,0,0,0,0,0,0,0
23,21,13,35,27,30,20,22,36,31,12,17,25,69,916,8884,208,68,1,0,0,0,0,0,0,0,0,0,0,0
25,23,16,30,23,34,25,22,27,21,12,13,22,43,805,9181,219,45,3,0,0,0,0,0,0,0,0,0,0,0
39,18,45,26,20,28,16,11,15,15,9,12,30,45,924,8970,256,32,4,0,0,0,0,0,0,0,0,0,0,0
29,14,43,26,36,25,24,8,12,13,8,16,16,80,890,8778,379,36,3,0,0,0,0,0,0,0,0,0,0,0
14,15,31,12,25,20,27,16,22,16,19,16,17,53,892,8966,268,24,3,0,0,0,0,0,0,0,0,0,0,0
39,28,24,10,15,5,28,17,10,12,12,14,8,38,1041,8969,222,20,4,0,0,0,0,0,0,0,0,0,0,0
33,24,15,29,25,9,25,10,16,14,18,14,17,36,1065,8835,230,16,1,0,0,0,0,0,0,0,0,0,0,0
25,11,22,29,24,21,25,9,4,12,14,15,18,24,1048,8928,218,8,1,0,0,0,0,0,0,0,0,0,0,0
17,18,13,18,21,20,26,16,12,17,20,25,30,18,1037,8984,148,1,0,0,0,0,0,0,0,0,0,0,0,0
18,30,22,15,18,20,35,10,10,10,13,15,23,33,1072,8788,213,0,0,0,0,0,0,0,0,0,0,0,0,0
31,19,27,16,25,18,11,30,12,9,12,21,5,45,1046,8825,321,0,0,0,0,0,0,0,0,0,0,0,0,0
17,25,22,10,32,25,8,32,7,13,15,16,11,33,1048,8848,295,0,0,0,0,0,0,0,0,0,0,0,0,0
26,35,40,16,17,44,27,25,13,11,13,12,8,38,1058,8747,291,0,0,0,0,0,0,0,0,0,0,0,0,0
25,13,33,23,15,43,22,38,15,14,5,7,12,18,1047,8775,380,0,0,0,0,0,0,0,0,0,0,0,0,0
23,19,17,32,13,21,14,28,12,7,14,20,24,16,1067,8611,465,0,0,0,0,0,0,0,0,0,0,0,0,0
30,19,33,52,24,22,14,15,21,11,8,21,21,12,1014,8754,449,1,0,0,0,0,0,0,0,0,0,0,0,0
29,29,30,36,15,22,19,20,29,16,7,14,27,10,1061,8768,319,0,0,0,0,0,0,0,0,0,0,0,0,0
32,54,41,13,22,25,29,11,26,14,26,14,20,34,1085,8868,256,0,0,0,0,0,0,0,0,0,0,0,0,0
50,37,24,19,41,16,41,23,40,14,47,11,36,23,1064,8850,263,0,0,0,0,0,0,0,0,0,0,0,0,0
48,33,36,41,34,37,19,24,16,23,28,7,25,28,1063,8877,316,1,0,0,0,0,0,0,0,0,0,0,0,0
25,47,24,19,17,32,35,25,14,23,21,14,32,47,1157,8759,335,0,0,0,0,0,0,0,0,0,0,0,0,0
25,51,29,36,29,43,26,18,12,16,16,15,41,24,1086,8663,475,0,0,0,0,0,0,0,0,0,0,0,0,0
24,47,25,42,35,18,23,15,28,17,13,13,21,34,1123,8617,417,0,0,0,0,0,0,0,0,0,0,0,0,0
34,41,20,26,44,21,26,31,18,19,22,15,17,37,1090,8592,531,0,0,0,0,0,0,0,0,0,0,0,0,0
30,37,15,27,22,16,25,36,8,11,16,18,18,44,1102,8464,555,0,0,0,0,0,0,0,0,0,0,0,0,0
9,29,14,30,28,7,40,28,5,13,13,14,18,30,1084,8522,534,0,0,0,0,0,0,0,0,0,0,0,0,0
27,19,19,29,11,23,29,23,11,19,7,12,16,37,1130,8407,586,0,0,0,0,0,0,0,0,0,0,0,0,0
34,26,20,35,12,20,8,15,25,21,13,20,22,32,1063,8538,625,0,0,0,0,0,0,0,0,0,0,0,0,0
26,19,15,23,27,12,16,18,20,38,9,18,18,23,1085,8663,429,0,0,0,0,0,0,0,0,0,0,0,0,0
18,38,25,33,27,13,29,9,20,29,11,13,13,20,1039,8810,393,0,0,0,0,0,0,0,0,0,0,0,0,0
23,19,19,33,30,18,22,7,9,23,26,9,23,30,1068,8550,496,0,0,0,0,0,0,0,0,0,0,0,0,0
24,16,39,37,9,13,14,8,14,23,15,24,23,18,1079,8526,526,0,0,0,0,0,0,0,0,0,0,0,0,0
28,44,26,39,31,9,19,11,11,11,28,18,17,17,1119,8465,574,0,0,0,0,0,0,0,0,0,0,0,0,0
36,23,37,33,37,25,15,10,19,13,15,15,5,27,1120,8580,565,0,0,0,0,0,0,0,0,0,0,0,0,0
54,29,42,36,18,17,19,20,8,5,16,22,3,31,1062,8708,495,0,0,0,0,0,0,0,0,0,0,0,0,0
44,44,31,33,14,20,15,27,15,22,17,17,17,13,1074,8606,459,0,0,0,0,0,0,0,0,0,0,0,0,0
34,27,20,38,37,16,22,15,19,26,20,13,22,27,1037,8751,389,0,0,0,0,0,0,0,0,0,0,0,0,0
34,17,39,26,19,21,24,25,9,12,10,15,19,27,967,8866,362,0,0,0,0,0,0,0,0,0,0,0,0,0
29,21,35,26,28,29,48,19,10,19,16,15,29,24,1004,8653,437,0,0,0,0,0,0,0,0,0,0,0,0,0
30,51,41,33,33,19,27,24,17,15,8,20,11,34,842,8770,453,0,0,0,0,0,0,0,0,0,0,0,0,0
15,29,51,24,16,11,14,26,15,25,13,32,21,26,778,8860,498,0,0,0,0,0,0,0,0,0,0,0,0,0
31,37,48,22,18,7,23,25,14,18,14,18,49,26,811,8791,483,0,0,0,0,0,0,0,0,0,0,0,0,0
30,45,43,28,11,20,41,30,43,11,11,11,23,21,768,8918,433,0,0,0,0,0,0,0,0,0,0,0,0,0
57,65,29,29,22,23,78,31,66,15,17,20,28,22,673,9159,301,0,0,0,0,0,0,0,0,0,0,0,0,0
32,47,22,36,24,18,62,31,50,21,15,24,28,30,548,9138,263,0,0,0,0,0,0,0,0,0,0,0,0,0
24,41,19,19,30,31,41,25,31,24,19,5,19,27,444,9450,226,0,0,0,0,0,0,0,0,0,0,0,0,0
64,31,23,22,23,16,32,43,23,19,16,3,26,25,404,9419,184,0,0,0,0,0,0,0,0,0,0,0,0,0
22,39,31,17,8,10,40,35,17,15,9,6,26,19,374,9456,190,0,0,0,0,0,0,0,0,0,0,0,0,0
16,46,47,27,9,28,23,20,22,28,19,9,19,19,407,9629,122,0,0,0,0,0,0,0,0,0,0,0,0,0
42,23,24,34,17,17,22,8,5,19,10,13,24,11,350,9539,70,0,0,0,0,0,0,0,0,0,0,0,0,0
34,29,45,37,20,35,16,26,13,5,7,20,15,13,357,9512,48,0,0,0,0,0,0,0,0,0,0,0,0,0
27,39,39,12,19,21,19,15,24,12,5,22,32,12,352,9772,24,0,0,0,0,0,0,0,0,0,0,0,0,0
25,39,20,16,27,37,26,10,15,5,5,11,36,21,316,9701,19,0,0,0,0,0,0,0,0,0,0,0,0,0
28,51,26,33,19,35,18,8,17,9,12,14,21,18,212,9673,1,0,0,0,0,0,0,0,0,0,0,0,0,0
59,47,20,37,16,14,12,18,23,11,19,23,15,34,162,9763,2,0,0,0,0,0,0,0,0,0,0,0,0,0
40,50,24,16,22,9,9,18,11,18,15,13,12,21,99,9858,3,0,0,0,0,0,0,0,0,0,0,0,0,0
38,62,31,22,28,16,22,22,17,24,10,9,20,21,68,10022,7,0,0,0,0,0,0,0,0,0,0,0,0,0
17,40,37,28,14,27,22,20,20,18,11,13,25,28,74,9928,12,0,0,0,0,0,0,0,0,0,0,0,0,0
12,33,19,22,17,36,43,14,25,9,7,20,27,43,104,9814,22,0,0,0,0,0,0,0,0,0,0,0,0,0
23,24,29,34,28,29,23,17,5,16,8,27,21,41,113,9857,13,0,0,0,0,0,0,0,0,0,0,0,0,0
39,30,22,18,24,30,43,11,25,10,8,12,20,35,109,9812,20,0,0,0,0,0,0,0,0,0,0,0,0,0
12,36,38,15,23,36,36,24,10,17,7,11,20,44,81,9852,33,0,0,0,0,0,0,0,0,0,0,0,0,0
36,29,28,56,18,40,16,15,12,15,15,11,14,56,63,9864,17,0,0,0,0,0,0,0,0,0,0,0,0,0
49,27,17,27,19,49,19,11,25,9,14,23,20,42,99,9906,28,0,0,0,0,0,0,0,0,0,0,0,0,0
48,21,16,35,14,39,21,33,21,13,7,11,30,51,68,9840,51,0,0,0,0,0,0,0,0,0,0,0,0,0
37,19,12,20,23,11,24,14,18,15,15,12,18,28,93,9825,15,0,0,0,0,0,0,0,0,0,0,0,0,0
17,21,31,16,16,13,51,17,9,10,17,10,16,41,54,9866,10,0,0,0,0,0,0,0,0,0,0,0,0,0
16,27,27,20,19,15,28,26,22,20,10,13,14,29,101,9971,4,0,0,0,0,0,0,0,0,0,0,0,0,0
37,33,23,19,27,17,22,8,23,13,7,10,11,32,63,9868,5,0,0,0,0,0,0,0,0,0,0,0,0,0
46,29,25,13,13,14,8,11,22,11,4,8,35,34,62,9949,1,0,0,0,0,0,0,0,0,0,0,0,0,0
28,22,35,8,15,17,20,7,13,16,12,7,25,30,69,9900,0,0,0,0,0,0,0,0,0,0,0,0,0,0
18,14,27,20,32,16,21,16,16,15,10,21,14,23,77,9992,3,0,0,0,0,0,0,0,0,0,0,0,0,0
23,16,14,11,16,15,21,24,21,16,10,19,17,30,91,9876,3,0,0,0,0,0,0,0,0,0,0,0,0,0
28,20,21,31,16,27,19,17,19,16,12,23,25,36,72,9902,13,0,0,0,0,0,0,0,0,0,0,0,0,0
40,15,28,32,16,31,27,33,18,9,18,9,40,35,121,9802,12,0,0,0,0,0,0,0,0,0,0,0,0,0
22,27,16,31,26,21,19,14,13,16,9,11,28,44,91,9951,17,0,0,0,0,0,0,0,0,0,0,0,0,0
37,37,14,39,17,29,13,21,16,6,25,12,34,33,64,9959,12,0,0,0,0,0,0,0,0,0,0,0,0,0
48,36,14,42,30,27,19,22,21,16,29,9,40,14,50,9854,2,0,0,0,0,0,0,0,0,0,0,0,0,0
35,38,12,11,42,44,18,29,26,11,13,9,40,19,107,9841,0,0,0,0,0,0,0,0,0,0,0,0,0,0
21,37,22,16,35,54,18,18,20,6,12,22,43,23,68,9898,0,0,0,0,0,0,0,0,0,0,0,0,0,0
10,39,25,22,22,21,12,35,16,15,22,11,16,23,64,10029,1,0,0,0,0,0,0,0,0,0,0,0,0,0
25,17,32,23,26,36,12,11,19,10,14,18,7,12,61,9959,0,0,0,0,0,0,0,0,0,0,0,0,0,0
21,22,36,25,21,35,18,13,15,9,6,31,21,24,42,9932,0,0,0,0,0,0,0,0,0,0,0,0,0,0
26,27,60,33,19,25,17,15,18,10,11,23,19,28,69,10054,3,0,0,0,0,0,0,0,0,0,0,0,0,0
20,18,54,47,23,19,26,8,23,16,21,9,24,24,56,10004,0,0,0,0,0,0,0,0,0,0,0,0,0,0
